<?xml version="1.0" encoding="UTF-8"?><PFA><Entity id="630950" action="add" date="05-Feb-2018"><ActiveStatus>Inactive</ActiveStatus><NameDetails><Name NameType="Primary Name"><NameValue><EntityName>National Petrochemicals Company</EntityName></NameValue></Name><Name NameType="Also Known As"><NameValue><EntityName>NAPETCO</EntityName></NameValue></Name><Name NameType="Formerly Known As"><NameValue><EntityName>National Methanol Company</EntityName></NameValue></Name></NameDetails><Descriptions><Description Description1="4" Description2="3" /></Descriptions><SanctionsReferences><Reference ToDay="29" ToMonth="Apr" ToYear="2004">2</Reference></SanctionsReferences><CountryDetails><Country CountryType="Country of Affiliation"><CountryValue Code="GFR" /></Country></CountryDetails><ProfileNotes>
Last Review Date Details: 
     Watchlist Last Reviewed Date: 05-Feb-2018

Record Status: 
     Watchlist Status: Inactive

Subsidiary: No

FDS Code: NPETCG

Watchlist Comments: OFFICE OF FOREIGN ASSETS CONTROL (OFAC) NOTES: 
 
Address: Dusseldorf, Germany (Office Closed)
</ProfileNotes><SourceDescription><Source name="https://web.archive.org/web/20031202133323/http://www.ustreas.gov/offices/eotffc/ofac/sdn/t11sdn.pdf" /></SourceDescription></Entity><Entity id="630976" action="add" date="04-Nov-2017"><ActiveStatus>Inactive</ActiveStatus><NameDetails><Name NameType="Primary Name"><NameValue><EntityName>Oilinvest International N.V.</EntityName></NameValue></Name><Name NameType="Also Known As"><NameValue><EntityName>Foreign Petroleum Investment Corporation</EntityName></NameValue><NameValue><EntityName>Oilinvest</EntityName></NameValue><NameValue><EntityName>Libyan Oil Investments International Company</EntityName></NameValue><NameValue><EntityName>OIIC</EntityName></NameValue></Name></NameDetails><Descriptions><Description Description1="4" Description2="3" /></Descriptions><SanctionsReferences><Reference ToDay="29" ToMonth="Apr" ToYear="2004">2</Reference></SanctionsReferences><CompanyDetails><AddressCity>Tripoli</AddressCity><AddressCountry>LIBYA</AddressCountry></CompanyDetails><CountryDetails><Country CountryType="Country of Affiliation"><CountryValue Code="LIBYA" /></Country></CountryDetails><ProfileNotes>
Last Review Date Details: 
     Watchlist Last Reviewed Date: 04-Nov-2017

Record Status: 
     Watchlist Status: Inactive

Subsidiary: No

FDS Code: OIINTN
</ProfileNotes><SourceDescription><Source name="http://www.treasury.gov/resource-center/sanctions/SDN-List/Documents/sdnew04.pdf" /></SourceDescription></Entity></PFA>