<?xml version="1.0" encoding="UTF-8"?><PFA><PublicFigure id="19539"><Associate id="19566" code="44" ex="No" /><Associate id="19579" code="6" ex="No" /><Associate id="19619" code="13" ex="No" /><Associate id="19634" code="23" ex="No" /><Associate id="19716" code="23" ex="No" /><Associate id="19982" code="44" ex="No" /><Associate id="131725" code="5" ex="No" /><Associate id="131728" code="8" ex="No" /><Associate id="131729" code="7" ex="No" /><Associate id="131731" code="1" ex="No" /><Associate id="131733" code="6" ex="No" /><Associate id="131734" code="6" ex="No" /><Associate id="131738" code="25" ex="No" /><Associate id="131739" code="24" ex="No" /><Associate id="131740" code="24" ex="No" /><Associate id="884930" code="3" ex="No" /><Associate id="884931" code="3" ex="No" /><Associate id="884932" code="3" ex="No" /><Associate id="1010378" code="20" ex="No" /><Associate id="1010382" code="22" ex="No" /><Associate id="1011375" code="13" ex="No" /><Associate id="1011394" code="17" ex="No" /><Associate id="1011402" code="12" ex="No" /><Associate id="1011407" code="13" ex="No" /><Associate id="1359920" code="3" ex="No" /><Associate id="1359921" code="4" ex="No" /><Associate id="1359951" code="16" ex="No" /><Associate id="2854104" code="38" ex="No" /><Associate id="12391682" code="12" ex="No" /></PublicFigure><PublicFigure id="19540"><Associate id="3085532" code="9" ex="No" /></PublicFigure><PublicFigure id="19541"><Associate id="737424" code="31" ex="No" /><Associate id="737426" code="31" ex="No" /><Associate id="872428" code="1" ex="No" /></PublicFigure><PublicFigure id="19544"><Associate id="292830" code="13" ex="No" /><Associate id="632975" code="3" ex="No" /><Associate id="1043103" code="1" ex="No" /><Associate id="1043106" code="6" ex="No" /><Associate id="1043107" code="5" ex="No" /><Associate id="1043108" code="8" ex="No" /><Associate id="1043109" code="7" ex="No" /><Associate id="1324099" code="22" ex="No" /><Associate id="1324105" code="23" ex="No" /><Associate id="1324107" code="23" ex="No" /><Associate id="1324110" code="23" ex="No" /><Associate id="1324112" code="22" ex="No" /><Associate id="1324116" code="3" ex="No" /></PublicFigure><PublicFigure id="19551"><Associate id="902400" code="2" ex="No" /><Associate id="902402" code="5" ex="No" /><Associate id="902403" code="5" ex="No" /><Associate id="902404" code="6" ex="No" /></PublicFigure><PublicFigure id="19556"><Associate id="12387256" code="5" ex="No" /></PublicFigure><PublicFigure id="19558"><Associate id="19616" code="8" ex="No" /><Associate id="1103774" code="4" ex="No" /><Associate id="1103776" code="9" ex="No" /><Associate id="11993672" code="7" ex="No" /></PublicFigure><PublicFigure id="19566"><Associate id="19539" code="44" ex="No" /><Associate id="19982" code="44" ex="No" /><Associate id="1103271" code="5" ex="No" /></PublicFigure><PublicFigure id="19573"><Associate id="875629" code="29" ex="No" /><Associate id="11964331" code="1" ex="No" /><Associate id="11964333" code="6" ex="No" /><Associate id="11964334" code="20" ex="No" /><Associate id="11964337" code="25" ex="No" /><Associate id="11964360" code="25" ex="No" /><Associate id="11964362" code="24" ex="No" /><Associate id="11964364" code="5" ex="No" /><Associate id="11964366" code="6" ex="No" /><Associate id="11964368" code="6" ex="No" /></PublicFigure><PublicFigure id="19579"><Associate id="19539" code="8" ex="No" /><Associate id="19634" code="9" ex="No" /><Associate id="19716" code="9" ex="No" /><Associate id="131725" code="3" ex="No" /><Associate id="131728" code="18" ex="No" /><Associate id="131729" code="19" ex="No" /><Associate id="131731" code="7" ex="No" /><Associate id="131733" code="4" ex="No" /><Associate id="131734" code="4" ex="No" /><Associate id="131738" code="22" ex="No" /><Associate id="131739" code="23" ex="No" /><Associate id="131740" code="23" ex="No" /><Associate id="884930" code="14" ex="No" /><Associate id="884931" code="14" ex="No" /><Associate id="884932" code="14" ex="No" /><Associate id="1010378" code="12" ex="No" /><Associate id="1010382" code="9" ex="No" /><Associate id="1011394" code="18" ex="No" /><Associate id="1011402" code="14" ex="No" /><Associate id="1048878" code="42" ex="Yes" /><Associate id="1359920" code="14" ex="No" /><Associate id="1359921" code="15" ex="No" /><Associate id="1359951" code="19" ex="No" /></PublicFigure><PublicFigure id="19586"><Associate id="92224" code="8" ex="No" /><Associate id="92225" code="7" ex="No" /><Associate id="92229" code="1" ex="No" /><Associate id="92231" code="3" ex="No" /></PublicFigure><PublicFigure id="19588"><Associate id="534305" code="1" ex="No" /><Associate id="1042847" code="5" ex="No" /><Associate id="1042848" code="5" ex="No" /><Associate id="1187705" code="9" ex="No" /></PublicFigure><PublicFigure id="19595"><Associate id="19633" code="29" ex="No" /></PublicFigure><PublicFigure id="19596"><Associate id="976374" code="1" ex="No" /></PublicFigure><PublicFigure id="19599"><Associate id="20056" code="20" ex="No" /></PublicFigure><PublicFigure id="19615"><Associate id="133094" code="34" ex="No" /><Associate id="673944" code="1" ex="No" /><Associate id="673949" code="5" ex="No" /><Associate id="673950" code="5" ex="No" /><Associate id="673952" code="6" ex="No" /><Associate id="673955" code="17" ex="No" /><Associate id="673957" code="16" ex="No" /><Associate id="673958" code="12" ex="No" /><Associate id="673959" code="13" ex="No" /><Associate id="673961" code="13" ex="No" /><Associate id="673963" code="12" ex="No" /><Associate id="673964" code="13" ex="No" /><Associate id="673965" code="13" ex="No" /><Associate id="673967" code="12" ex="No" /><Associate id="673968" code="13" ex="No" /><Associate id="673969" code="12" ex="No" /><Associate id="673975" code="12" ex="No" /><Associate id="673978" code="23" ex="No" /><Associate id="673979" code="13" ex="No" /><Associate id="673980" code="23" ex="No" /><Associate id="673981" code="22" ex="No" /><Associate id="673982" code="22" ex="No" /><Associate id="673983" code="23" ex="No" /><Associate id="673991" code="22" ex="No" /><Associate id="673992" code="22" ex="No" /><Associate id="673993" code="12" ex="No" /><Associate id="673995" code="22" ex="No" /><Associate id="674001" code="12" ex="No" /><Associate id="674003" code="23" ex="No" /><Associate id="674005" code="22" ex="No" /><Associate id="674006" code="22" ex="No" /><Associate id="674007" code="22" ex="No" /><Associate id="674012" code="12" ex="No" /><Associate id="674013" code="23" ex="No" /><Associate id="674016" code="22" ex="No" /><Associate id="674018" code="23" ex="No" /><Associate id="674019" code="23" ex="No" /><Associate id="674020" code="22" ex="No" /><Associate id="674022" code="22" ex="No" /><Associate id="674023" code="22" ex="No" /><Associate id="674024" code="22" ex="No" /><Associate id="674025" code="22" ex="No" /><Associate id="674026" code="22" ex="No" /><Associate id="674027" code="22" ex="No" /><Associate id="674028" code="22" ex="No" /><Associate id="674029" code="23" ex="No" /><Associate id="674030" code="22" ex="No" /><Associate id="674031" code="23" ex="No" /><Associate id="674032" code="23" ex="No" /><Associate id="674033" code="23" ex="No" /><Associate id="674034" code="23" ex="No" /><Associate id="674036" code="23" ex="No" /></PublicFigure><PublicFigure id="19616"><Associate id="19558" code="5" ex="No" /><Associate id="1103774" code="6" ex="No" /><Associate id="1103776" code="23" ex="No" /><Associate id="11993672" code="1" ex="No" /></PublicFigure><PublicFigure id="19617"><Associate id="1011123" code="6" ex="No" /></PublicFigure><PublicFigure id="19618"><Associate id="1011132" code="7" ex="No" /><Associate id="1199131" code="29" ex="No" /><Associate id="1199136" code="29" ex="No" /></PublicFigure><PublicFigure id="19619"><Associate id="19539" code="12" ex="No" /><Associate id="19634" code="5" ex="No" /><Associate id="131731" code="4" ex="No" /><Associate id="1011375" code="4" ex="No" /><Associate id="1011394" code="8" ex="No" /><Associate id="1011402" code="3" ex="No" /><Associate id="1011407" code="4" ex="No" /><Associate id="12391682" code="2" ex="No" /></PublicFigure><PublicFigure id="19620"><Associate id="3080485" code="9" ex="No" /><Associate id="3084307" code="23" ex="No" /></PublicFigure><PublicFigure id="19621"><Associate id="1011137" code="7" ex="No" /><Associate id="1011138" code="1" ex="No" /><Associate id="1011149" code="5" ex="No" /><Associate id="1011151" code="6" ex="No" /><Associate id="1103589" code="3" ex="No" /><Associate id="11137443" code="13" ex="No" /><Associate id="11137444" code="13" ex="No" /><Associate id="11137445" code="12" ex="No" /><Associate id="11137447" code="13" ex="No" /><Associate id="11137448" code="13" ex="No" /><Associate id="11137449" code="12" ex="No" /><Associate id="11137463" code="13" ex="No" /><Associate id="11137466" code="13" ex="No" /><Associate id="11137468" code="12" ex="No" /><Associate id="11137475" code="16" ex="No" /><Associate id="11137479" code="17" ex="No" /></PublicFigure><PublicFigure id="19622"><Associate id="1103205" code="5" ex="No" /></PublicFigure><PublicFigure id="19631"><Associate id="813035" code="5" ex="No" /><Associate id="1011095" code="31" ex="No" /></PublicFigure><PublicFigure id="19633"><Associate id="19595" code="29" ex="No" /><Associate id="19953" code="34" ex="Yes" /><Associate id="176620" code="1" ex="No" /><Associate id="176625" code="6" ex="No" /><Associate id="176626" code="5" ex="No" /><Associate id="176627" code="5" ex="No" /><Associate id="176628" code="5" ex="No" /><Associate id="176697" code="8" ex="No" /><Associate id="176698" code="7" ex="No" /><Associate id="524198" code="44" ex="No" /><Associate id="871319" code="20" ex="No" /></PublicFigure><PublicFigure id="19634"><Associate id="19539" code="14" ex="No" /><Associate id="19579" code="9" ex="No" /><Associate id="19619" code="7" ex="No" /><Associate id="131725" code="9" ex="No" /><Associate id="131731" code="15" ex="No" /><Associate id="131733" code="9" ex="No" /><Associate id="131734" code="9" ex="No" /><Associate id="1011375" code="15" ex="No" /><Associate id="1011394" code="18" ex="No" /><Associate id="1011402" code="14" ex="No" /><Associate id="1011407" code="15" ex="No" /><Associate id="12391682" code="8" ex="No" /></PublicFigure><PublicFigure id="19641"><Associate id="1048906" code="42" ex="No" /></PublicFigure><PublicFigure id="19642"><Associate id="1048878" code="42" ex="Yes" /><Associate id="11726588" code="8" ex="No" /><Associate id="11726616" code="7" ex="No" /><Associate id="11726627" code="1" ex="No" /><Associate id="11726637" code="1" ex="Yes" /></PublicFigure><PublicFigure id="19650"><Associate id="533776" code="4" ex="No" /><Associate id="3095543" code="8" ex="No" /></PublicFigure><PublicFigure id="19652"><Associate id="1011558" code="29" ex="No" /><Associate id="2977365" code="1" ex="No" /></PublicFigure><PublicFigure id="19676"><Associate id="872314" code="5" ex="No" /><Associate id="1012460" code="6" ex="No" /></PublicFigure><PublicFigure id="19689"><Associate id="19813" code="2" ex="No" /></PublicFigure><PublicFigure id="19716"><Associate id="19539" code="14" ex="No" /><Associate id="19579" code="9" ex="No" /><Associate id="131725" code="9" ex="No" /><Associate id="131728" code="18" ex="No" /><Associate id="131729" code="19" ex="No" /><Associate id="131733" code="9" ex="No" /><Associate id="131734" code="9" ex="No" /><Associate id="857663" code="8" ex="No" /><Associate id="884930" code="14" ex="No" /><Associate id="884931" code="14" ex="No" /><Associate id="884932" code="14" ex="No" /><Associate id="1010382" code="4" ex="No" /><Associate id="1012951" code="1" ex="No" /><Associate id="1012957" code="5" ex="No" /><Associate id="1012965" code="12" ex="No" /><Associate id="1012969" code="7" ex="No" /><Associate id="1359921" code="15" ex="No" /></PublicFigure><PublicFigure id="19755"><Associate id="19864" code="37" ex="No" /><Associate id="536592" code="5" ex="No" /><Associate id="1011697" code="21" ex="No" /><Associate id="1103200" code="9" ex="No" /><Associate id="1103202" code="37" ex="No" /><Associate id="3162299" code="1" ex="No" /></PublicFigure><PublicFigure id="19757"><Associate id="3402145" code="1" ex="No" /><Associate id="3402154" code="5" ex="No" /><Associate id="3402162" code="5" ex="No" /><Associate id="3402169" code="6" ex="No" /><Associate id="3402173" code="5" ex="No" /></PublicFigure><PublicFigure id="19771"><Associate id="899878" code="8" ex="No" /><Associate id="899879" code="7" ex="No" /></PublicFigure><PublicFigure id="19772"><Associate id="536655" code="3" ex="No" /><Associate id="896386" code="1" ex="No" /></PublicFigure><PublicFigure id="19794"><Associate id="1088293" code="5" ex="No" /></PublicFigure><PublicFigure id="19813"><Associate id="19689" code="1" ex="No" /></PublicFigure><PublicFigure id="19817"><Associate id="687791" code="1" ex="No" /><Associate id="4330742" code="1" ex="No" /></PublicFigure><PublicFigure id="19843"><Associate id="1128436" code="1" ex="No" /></PublicFigure><PublicFigure id="19854"><Associate id="534324" code="1" ex="No" /></PublicFigure><PublicFigure id="19855"><Associate id="534325" code="1" ex="No" /><Associate id="872353" code="5" ex="No" /><Associate id="872354" code="6" ex="No" /><Associate id="872355" code="5" ex="No" /><Associate id="872356" code="6" ex="No" /><Associate id="872357" code="24" ex="No" /><Associate id="872358" code="25" ex="No" /></PublicFigure><PublicFigure id="19864"><Associate id="19755" code="37" ex="No" /></PublicFigure><PublicFigure id="19875"><Associate id="11173787" code="1" ex="No" /></PublicFigure><PublicFigure id="19907"><Associate id="3100450" code="13" ex="No" /></PublicFigure><PublicFigure id="19922"><Associate id="1496124" code="1" ex="No" /></PublicFigure><PublicFigure id="19926"><Associate id="19927" code="1" ex="No" /></PublicFigure><PublicFigure id="19927"><Associate id="19926" code="2" ex="No" /></PublicFigure><PublicFigure id="19928"><Associate id="534293" code="1" ex="No" /></PublicFigure><PublicFigure id="19944"><Associate id="638010" code="3" ex="No" /></PublicFigure><PublicFigure id="19951"><Associate id="176620" code="9" ex="No" /></PublicFigure><PublicFigure id="19953"><Associate id="19633" code="42" ex="Yes" /></PublicFigure><PublicFigure id="19959"><Associate id="1011190" code="12" ex="No" /><Associate id="1122578" code="1" ex="No" /></PublicFigure><PublicFigure id="19982"><Associate id="19539" code="44" ex="No" /><Associate id="19566" code="44" ex="No" /></PublicFigure><PublicFigure id="19984"><Associate id="3080485" code="9" ex="No" /><Associate id="3393513" code="12" ex="No" /><Associate id="3393529" code="4" ex="No" /></PublicFigure></PFA>