<?xml version="1.0" encoding="UTF-8"?><PFA><PublicFigure id="20038"><Associate id="20039" code="1" ex="No" /></PublicFigure><PublicFigure id="20039"><Associate id="20038" code="2" ex="No" /></PublicFigure><PublicFigure id="20043"><Associate id="1401807" code="5" ex="No" /></PublicFigure><PublicFigure id="20044"><Associate id="622154" code="1" ex="No" /></PublicFigure><PublicFigure id="20045"><Associate id="1396538" code="2" ex="No" /></PublicFigure><PublicFigure id="20056"><Associate id="19599" code="17" ex="No" /></PublicFigure><PublicFigure id="20069"><Associate id="1011095" code="5" ex="No" /></PublicFigure><PublicFigure id="20997"><Associate id="3118696" code="1" ex="No" /><Associate id="3118697" code="6" ex="No" /></PublicFigure><PublicFigure id="20999"><Associate id="133443" code="2" ex="No" /></PublicFigure><PublicFigure id="21000"><Associate id="703014" code="13" ex="No" /><Associate id="1046508" code="42" ex="No" /><Associate id="1048817" code="42" ex="No" /></PublicFigure><PublicFigure id="21001"><Associate id="3081899" code="9" ex="No" /></PublicFigure><PublicFigure id="21003"><Associate id="688141" code="1" ex="No" /></PublicFigure><PublicFigure id="21006"><Associate id="688457" code="6" ex="No" /></PublicFigure><PublicFigure id="21009"><Associate id="2352272" code="2" ex="No" /><Associate id="2352279" code="3" ex="No" /><Associate id="2352284" code="3" ex="No" /><Associate id="2352287" code="23" ex="No" /><Associate id="2352289" code="13" ex="No" /></PublicFigure><PublicFigure id="21011"><Associate id="3386840" code="6" ex="No" /><Associate id="3386841" code="1" ex="No" /></PublicFigure><PublicFigure id="21012"><Associate id="579372" code="1" ex="No" /><Associate id="579379" code="5" ex="No" /><Associate id="579380" code="5" ex="No" /><Associate id="3441429" code="8" ex="No" /><Associate id="3441431" code="7" ex="No" /></PublicFigure><PublicFigure id="21021"><Associate id="133445" code="1" ex="No" /></PublicFigure><PublicFigure id="21022"><Associate id="21023" code="8" ex="No" /><Associate id="21024" code="7" ex="No" /><Associate id="21025" code="1" ex="No" /><Associate id="12358643" code="5" ex="No" /></PublicFigure><PublicFigure id="21023"><Associate id="21022" code="5" ex="No" /></PublicFigure><PublicFigure id="21024"><Associate id="21022" code="5" ex="No" /></PublicFigure><PublicFigure id="21025"><Associate id="21022" code="2" ex="No" /></PublicFigure><PublicFigure id="21026"><Associate id="3309154" code="1" ex="No" /><Associate id="11027169" code="5" ex="No" /></PublicFigure><PublicFigure id="21030"><Associate id="3202036" code="1" ex="No" /></PublicFigure><PublicFigure id="21034"><Associate id="1034094" code="1" ex="No" /><Associate id="2986462" code="6" ex="No" /></PublicFigure><PublicFigure id="21037"><Associate id="775732" code="1" ex="No" /><Associate id="775733" code="6" ex="No" /></PublicFigure><PublicFigure id="21039"><Associate id="918563" code="8" ex="No" /></PublicFigure><PublicFigure id="21045"><Associate id="787257" code="1" ex="No" /><Associate id="787258" code="5" ex="No" /><Associate id="11067239" code="6" ex="No" /></PublicFigure><PublicFigure id="21047"><Associate id="892965" code="2" ex="No" /><Associate id="1045965" code="42" ex="No" /></PublicFigure><PublicFigure id="21048"><Associate id="2375957" code="8" ex="No" /><Associate id="2375959" code="7" ex="No" /><Associate id="2375960" code="4" ex="No" /><Associate id="2375961" code="4" ex="No" /><Associate id="2375963" code="4" ex="No" /><Associate id="2375966" code="3" ex="No" /><Associate id="2375968" code="1" ex="No" /><Associate id="2375971" code="5" ex="No" /><Associate id="2375972" code="5" ex="No" /><Associate id="2375975" code="6" ex="No" /><Associate id="2375976" code="6" ex="No" /><Associate id="2375977" code="6" ex="No" /><Associate id="2375979" code="6" ex="No" /><Associate id="2375981" code="6" ex="No" /></PublicFigure><PublicFigure id="21054"><Associate id="1046508" code="42" ex="Yes" /><Associate id="2375894" code="3" ex="No" /><Associate id="2375896" code="1" ex="No" /></PublicFigure><PublicFigure id="21059"><Associate id="21060" code="8" ex="No" /><Associate id="21061" code="7" ex="No" /><Associate id="21062" code="1" ex="No" /><Associate id="135204" code="5" ex="No" /><Associate id="135205" code="5" ex="No" /><Associate id="135206" code="11" ex="No" /><Associate id="1045965" code="42" ex="No" /><Associate id="4595878" code="5" ex="No" /></PublicFigure><PublicFigure id="21060"><Associate id="21059" code="5" ex="No" /></PublicFigure><PublicFigure id="21061"><Associate id="21059" code="5" ex="No" /></PublicFigure><PublicFigure id="21062"><Associate id="21059" code="2" ex="No" /></PublicFigure><PublicFigure id="21064"><Associate id="3380248" code="1" ex="No" /></PublicFigure><PublicFigure id="21070"><Associate id="21071" code="8" ex="No" /><Associate id="21072" code="7" ex="No" /><Associate id="21073" code="1" ex="No" /><Associate id="133422" code="6" ex="No" /><Associate id="135208" code="5" ex="No" /><Associate id="549865" code="5" ex="No" /><Associate id="549866" code="24" ex="No" /><Associate id="549868" code="24" ex="No" /><Associate id="586431" code="6" ex="No" /></PublicFigure><PublicFigure id="21071"><Associate id="21070" code="5" ex="No" /><Associate id="135208" code="24" ex="No" /><Associate id="549865" code="24" ex="No" /><Associate id="586431" code="25" ex="No" /></PublicFigure><PublicFigure id="21072"><Associate id="21070" code="5" ex="No" /><Associate id="135208" code="24" ex="No" /><Associate id="549865" code="24" ex="No" /><Associate id="586431" code="25" ex="No" /></PublicFigure><PublicFigure id="21073"><Associate id="21070" code="2" ex="No" /><Associate id="135208" code="5" ex="No" /><Associate id="586431" code="6" ex="No" /></PublicFigure><PublicFigure id="21087"><Associate id="1662141" code="1" ex="No" /></PublicFigure><PublicFigure id="21090"><Associate id="1677503" code="9" ex="No" /></PublicFigure><PublicFigure id="21096"><Associate id="1735888" code="5" ex="No" /><Associate id="4761216" code="5" ex="No" /></PublicFigure><PublicFigure id="21100"><Associate id="674763" code="1" ex="No" /></PublicFigure><PublicFigure id="21104"><Associate id="3205085" code="1" ex="No" /></PublicFigure><PublicFigure id="21105"><Associate id="1045860" code="42" ex="Yes" /><Associate id="1045965" code="42" ex="No" /><Associate id="1107320" code="4" ex="No" /><Associate id="1107322" code="12" ex="No" /><Associate id="1107323" code="5" ex="No" /></PublicFigure><PublicFigure id="21108"><Associate id="1136287" code="5" ex="No" /></PublicFigure><PublicFigure id="21114"><Associate id="3081116" code="3" ex="No" /><Associate id="3081124" code="5" ex="No" /><Associate id="3081131" code="1" ex="No" /><Associate id="3081132" code="5" ex="No" /><Associate id="3081139" code="5" ex="No" /><Associate id="3081140" code="6" ex="No" /></PublicFigure><PublicFigure id="21115"><Associate id="3081719" code="1" ex="No" /></PublicFigure><PublicFigure id="21130"><Associate id="12581813" code="1" ex="No" /><Associate id="12581815" code="5" ex="No" /><Associate id="12581816" code="5" ex="No" /><Associate id="12581817" code="6" ex="No" /></PublicFigure><PublicFigure id="21139"><Associate id="21140" code="8" ex="No" /><Associate id="21141" code="7" ex="No" /><Associate id="21142" code="1" ex="No" /><Associate id="133416" code="5" ex="No" /><Associate id="133417" code="9" ex="No" /><Associate id="133430" code="5" ex="No" /><Associate id="775488" code="5" ex="No" /><Associate id="1036623" code="6" ex="No" /></PublicFigure><PublicFigure id="21140"><Associate id="21139" code="5" ex="No" /><Associate id="133416" code="24" ex="No" /><Associate id="775488" code="24" ex="No" /></PublicFigure><PublicFigure id="21141"><Associate id="21139" code="5" ex="No" /><Associate id="133416" code="24" ex="No" /><Associate id="775488" code="24" ex="No" /></PublicFigure><PublicFigure id="21142"><Associate id="21139" code="2" ex="No" /><Associate id="133416" code="5" ex="No" /><Associate id="775488" code="5" ex="No" /></PublicFigure><PublicFigure id="21146"><Associate id="897762" code="1" ex="No" /><Associate id="897763" code="1" ex="No" /></PublicFigure><PublicFigure id="21148"><Associate id="960841" code="1" ex="No" /><Associate id="4279653" code="6" ex="No" /><Associate id="12234794" code="3" ex="No" /></PublicFigure><PublicFigure id="21149"><Associate id="1048817" code="42" ex="Yes" /></PublicFigure><PublicFigure id="21153"><Associate id="3213580" code="1" ex="No" /></PublicFigure><PublicFigure id="21155"><Associate id="956513" code="1" ex="No" /><Associate id="956514" code="6" ex="No" /><Associate id="956516" code="1" ex="No" /></PublicFigure><PublicFigure id="21158"><Associate id="952168" code="4" ex="No" /></PublicFigure><PublicFigure id="21165"><Associate id="693478" code="1" ex="No" /><Associate id="693479" code="6" ex="No" /><Associate id="693480" code="5" ex="No" /><Associate id="693481" code="5" ex="No" /></PublicFigure><PublicFigure id="21169"><Associate id="1034105" code="1" ex="No" /></PublicFigure><PublicFigure id="21170"><Associate id="751646" code="9" ex="No" /><Associate id="922294" code="9" ex="No" /><Associate id="1680034" code="8" ex="No" /><Associate id="3024133" code="14" ex="No" /><Associate id="3275311" code="9" ex="No" /></PublicFigure><PublicFigure id="21171"><Associate id="1034107" code="1" ex="No" /></PublicFigure><PublicFigure id="21172"><Associate id="1136350" code="7" ex="No" /></PublicFigure><PublicFigure id="21175"><Associate id="883066" code="1" ex="No" /><Associate id="883067" code="6" ex="No" /><Associate id="883068" code="6" ex="No" /><Associate id="883069" code="6" ex="No" /><Associate id="883070" code="5" ex="No" /></PublicFigure><PublicFigure id="21178"><Associate id="1048817" code="42" ex="No" /></PublicFigure><PublicFigure id="21179"><Associate id="129651" code="3" ex="No" /><Associate id="896226" code="1" ex="No" /><Associate id="952816" code="23" ex="No" /></PublicFigure><PublicFigure id="21183"><Associate id="4451386" code="1" ex="No" /></PublicFigure><PublicFigure id="21201"><Associate id="11496118" code="5" ex="No" /><Associate id="11496120" code="1" ex="No" /></PublicFigure><PublicFigure id="21223"><Associate id="1095623" code="3" ex="No" /></PublicFigure><PublicFigure id="21226"><Associate id="3211391" code="3" ex="No" /></PublicFigure><PublicFigure id="21244"><Associate id="1045852" code="42" ex="Yes" /><Associate id="12019597" code="1" ex="No" /></PublicFigure><PublicFigure id="21248"><Associate id="11675041" code="1" ex="No" /><Associate id="11675054" code="5" ex="No" /><Associate id="11675055" code="5" ex="No" /><Associate id="11675065" code="6" ex="No" /><Associate id="11675068" code="5" ex="No" /></PublicFigure><PublicFigure id="21278"><Associate id="895848" code="1" ex="No" /></PublicFigure><PublicFigure id="21286"><Associate id="1682746" code="23" ex="No" /></PublicFigure><PublicFigure id="21289"><Associate id="4464572" code="1" ex="No" /></PublicFigure><PublicFigure id="21299"><Associate id="21300" code="8" ex="No" /><Associate id="21301" code="7" ex="No" /><Associate id="21302" code="1" ex="No" /><Associate id="133426" code="6" ex="No" /></PublicFigure><PublicFigure id="21300"><Associate id="21299" code="5" ex="No" /></PublicFigure><PublicFigure id="21301"><Associate id="21299" code="5" ex="No" /></PublicFigure><PublicFigure id="21302"><Associate id="21299" code="2" ex="No" /></PublicFigure><PublicFigure id="21303"><Associate id="21304" code="7" ex="No" /></PublicFigure><PublicFigure id="21304"><Associate id="21303" code="5" ex="No" /></PublicFigure><PublicFigure id="21305"><Associate id="21306" code="8" ex="No" /></PublicFigure><PublicFigure id="21306"><Associate id="21305" code="5" ex="No" /></PublicFigure><PublicFigure id="21307"><Associate id="21308" code="8" ex="No" /><Associate id="21309" code="7" ex="No" /><Associate id="21310" code="1" ex="No" /></PublicFigure><PublicFigure id="21308"><Associate id="21307" code="5" ex="No" /></PublicFigure><PublicFigure id="21309"><Associate id="21307" code="5" ex="No" /></PublicFigure><PublicFigure id="21310"><Associate id="21307" code="2" ex="No" /></PublicFigure><PublicFigure id="21311"><Associate id="21312" code="8" ex="No" /><Associate id="21313" code="7" ex="No" /><Associate id="21314" code="1" ex="No" /><Associate id="12666159" code="5" ex="No" /><Associate id="12666161" code="5" ex="No" /><Associate id="12666162" code="6" ex="No" /><Associate id="12666163" code="36" ex="No" /><Associate id="12666164" code="36" ex="No" /></PublicFigure><PublicFigure id="21312"><Associate id="21311" code="5" ex="No" /></PublicFigure><PublicFigure id="21313"><Associate id="21311" code="5" ex="No" /></PublicFigure><PublicFigure id="21314"><Associate id="21311" code="2" ex="No" /></PublicFigure><PublicFigure id="23123"><Associate id="23124" code="1" ex="No" /><Associate id="23138" code="29" ex="No" /></PublicFigure><PublicFigure id="23124"><Associate id="23123" code="2" ex="No" /></PublicFigure><PublicFigure id="23125"><Associate id="23126" code="1" ex="No" /><Associate id="172188" code="5" ex="No" /><Associate id="172189" code="6" ex="No" /><Associate id="668174" code="8" ex="No" /><Associate id="668176" code="3" ex="No" /><Associate id="668178" code="3" ex="No" /></PublicFigure><PublicFigure id="23126"><Associate id="23125" code="2" ex="No" /></PublicFigure><PublicFigure id="23133"><Associate id="841895" code="44" ex="No" /><Associate id="841900" code="44" ex="No" /><Associate id="856151" code="44" ex="No" /><Associate id="1142094" code="44" ex="No" /><Associate id="1315614" code="44" ex="No" /><Associate id="1329423" code="1" ex="No" /><Associate id="1329425" code="6" ex="No" /><Associate id="1329428" code="6" ex="No" /><Associate id="1329431" code="8" ex="No" /><Associate id="1329433" code="18" ex="No" /><Associate id="1329434" code="19" ex="No" /><Associate id="1329437" code="7" ex="No" /><Associate id="1330047" code="9" ex="No" /><Associate id="1330072" code="14" ex="No" /><Associate id="1330079" code="9" ex="No" /><Associate id="1488016" code="44" ex="No" /><Associate id="11504159" code="44" ex="No" /><Associate id="11615831" code="44" ex="No" /><Associate id="11758141" code="44" ex="No" /><Associate id="12737369" code="35" ex="No" /><Associate id="12786609" code="44" ex="No" /></PublicFigure><PublicFigure id="23135"><Associate id="268087" code="44" ex="No" /><Associate id="566301" code="5" ex="No" /><Associate id="1330047" code="44" ex="No" /></PublicFigure><PublicFigure id="23138"><Associate id="23123" code="29" ex="No" /><Associate id="760946" code="31" ex="No" /><Associate id="11865805" code="1" ex="No" /><Associate id="11865813" code="5" ex="No" /><Associate id="11865819" code="5" ex="No" /><Associate id="11865853" code="6" ex="No" /></PublicFigure><PublicFigure id="23139"><Associate id="2967547" code="8" ex="No" /><Associate id="4432414" code="19" ex="No" /><Associate id="4432417" code="18" ex="No" /><Associate id="4432428" code="1" ex="No" /></PublicFigure><PublicFigure id="23141"><Associate id="4851228" code="1" ex="No" /></PublicFigure><PublicFigure id="23145"><Associate id="23146" code="1" ex="No" /><Associate id="23147" code="6" ex="No" /><Associate id="23148" code="5" ex="No" /><Associate id="23399" code="44" ex="No" /><Associate id="23422" code="44" ex="No" /><Associate id="1062178" code="44" ex="No" /><Associate id="1062180" code="44" ex="No" /></PublicFigure><PublicFigure id="23146"><Associate id="23145" code="2" ex="No" /></PublicFigure><PublicFigure id="23147"><Associate id="23145" code="8" ex="No" /></PublicFigure><PublicFigure id="23148"><Associate id="23145" code="8" ex="No" /></PublicFigure><PublicFigure id="23152"><Associate id="23153" code="1" ex="No" /><Associate id="23154" code="5" ex="No" /><Associate id="23155" code="5" ex="No" /></PublicFigure><PublicFigure id="23153"><Associate id="23152" code="2" ex="No" /></PublicFigure><PublicFigure id="23154"><Associate id="23152" code="8" ex="No" /></PublicFigure><PublicFigure id="23155"><Associate id="23152" code="8" ex="No" /></PublicFigure><PublicFigure id="23156"><Associate id="550835" code="8" ex="No" /><Associate id="1123749" code="1" ex="No" /><Associate id="1123750" code="6" ex="No" /><Associate id="1123753" code="1" ex="Yes" /></PublicFigure><PublicFigure id="23157"><Associate id="23158" code="2" ex="No" /><Associate id="23159" code="5" ex="No" /><Associate id="23160" code="6" ex="No" /></PublicFigure><PublicFigure id="23158"><Associate id="23157" code="1" ex="No" /></PublicFigure><PublicFigure id="23159"><Associate id="23157" code="7" ex="No" /></PublicFigure><PublicFigure id="23160"><Associate id="23157" code="7" ex="No" /></PublicFigure><PublicFigure id="23170"><Associate id="620312" code="8" ex="No" /></PublicFigure><PublicFigure id="23179"><Associate id="1520451" code="1" ex="No" /><Associate id="1520452" code="5" ex="No" /><Associate id="1520453" code="5" ex="No" /></PublicFigure><PublicFigure id="23215"><Associate id="3380902" code="1" ex="Yes" /></PublicFigure><PublicFigure id="23221"><Associate id="1697515" code="8" ex="No" /><Associate id="1697517" code="7" ex="No" /></PublicFigure><PublicFigure id="23222"><Associate id="1505913" code="1" ex="No" /><Associate id="1505914" code="5" ex="No" /></PublicFigure><PublicFigure id="23227"><Associate id="1518764" code="1" ex="No" /></PublicFigure><PublicFigure id="23245"><Associate id="1286499" code="42" ex="Yes" /></PublicFigure><PublicFigure id="23249"><Associate id="3251562" code="5" ex="No" /></PublicFigure><PublicFigure id="23251"><Associate id="1317405" code="1" ex="No" /></PublicFigure><PublicFigure id="23273"><Associate id="1504796" code="1" ex="No" /><Associate id="1504797" code="6" ex="No" /></PublicFigure><PublicFigure id="23279"><Associate id="11720488" code="5" ex="No" /><Associate id="11720520" code="6" ex="No" /><Associate id="11720522" code="6" ex="No" /><Associate id="11720527" code="1" ex="No" /></PublicFigure><PublicFigure id="23280"><Associate id="690537" code="1" ex="No" /><Associate id="690545" code="6" ex="No" /><Associate id="690548" code="5" ex="No" /></PublicFigure><PublicFigure id="23281"><Associate id="11720470" code="6" ex="No" /></PublicFigure><PublicFigure id="23286"><Associate id="11720444" code="24" ex="No" /></PublicFigure><PublicFigure id="23293"><Associate id="23294" code="1" ex="No" /></PublicFigure><PublicFigure id="23294"><Associate id="23293" code="2" ex="No" /></PublicFigure><PublicFigure id="23298"><Associate id="719287" code="1" ex="No" /></PublicFigure><PublicFigure id="23300"><Associate id="1317489" code="1" ex="No" /></PublicFigure><PublicFigure id="23304"><Associate id="1320375" code="1" ex="No" /><Associate id="1320378" code="5" ex="No" /><Associate id="1320379" code="6" ex="No" /><Associate id="1320381" code="6" ex="No" /><Associate id="3112880" code="24" ex="No" /></PublicFigure><PublicFigure id="23311"><Associate id="1536759" code="1" ex="No" /><Associate id="1536761" code="5" ex="No" /><Associate id="1536764" code="5" ex="No" /></PublicFigure><PublicFigure id="23322"><Associate id="23323" code="1" ex="No" /></PublicFigure><PublicFigure id="23323"><Associate id="23322" code="2" ex="No" /></PublicFigure><PublicFigure id="23329"><Associate id="836530" code="5" ex="No" /><Associate id="1317424" code="9" ex="No" /><Associate id="1317427" code="12" ex="No" /><Associate id="1819203" code="1" ex="No" /></PublicFigure><PublicFigure id="23330"><Associate id="1518766" code="3" ex="No" /></PublicFigure><PublicFigure id="23342"><Associate id="1517727" code="5" ex="No" /><Associate id="1517728" code="5" ex="No" /><Associate id="1517730" code="5" ex="No" /><Associate id="1517731" code="1" ex="No" /></PublicFigure><PublicFigure id="23391"><Associate id="23392" code="1" ex="No" /></PublicFigure><PublicFigure id="23392"><Associate id="23391" code="2" ex="No" /></PublicFigure><PublicFigure id="23394"><Associate id="4683449" code="2" ex="No" /></PublicFigure><PublicFigure id="23397"><Associate id="531169" code="2" ex="No" /></PublicFigure><PublicFigure id="23399"><Associate id="23145" code="44" ex="No" /><Associate id="23422" code="44" ex="No" /><Associate id="841798" code="1" ex="Yes" /><Associate id="841800" code="5" ex="No" /><Associate id="841801" code="5" ex="No" /><Associate id="1062178" code="44" ex="No" /><Associate id="1062180" code="44" ex="No" /><Associate id="11866381" code="1" ex="No" /><Associate id="11866413" code="5" ex="No" /></PublicFigure><PublicFigure id="23406"><Associate id="1286499" code="42" ex="No" /></PublicFigure><PublicFigure id="23422"><Associate id="23145" code="44" ex="No" /><Associate id="23399" code="44" ex="No" /><Associate id="1062178" code="44" ex="No" /><Associate id="1062180" code="44" ex="No" /></PublicFigure><PublicFigure id="23425"><Associate id="4774178" code="1" ex="No" /><Associate id="4774179" code="5" ex="No" /></PublicFigure><PublicFigure id="23441"><Associate id="3396630" code="2" ex="No" /></PublicFigure><PublicFigure id="23446"><Associate id="11531998" code="1" ex="No" /></PublicFigure><PublicFigure id="23455"><Associate id="1343941" code="7" ex="No" /><Associate id="1343949" code="2" ex="No" /><Associate id="1343963" code="8" ex="No" /></PublicFigure><PublicFigure id="23456"><Associate id="1521042" code="2" ex="No" /></PublicFigure><PublicFigure id="23737"><Associate id="1073391" code="29" ex="No" /><Associate id="1333399" code="6" ex="No" /></PublicFigure><PublicFigure id="23795"><Associate id="11865988" code="3" ex="No" /></PublicFigure><PublicFigure id="23836"><Associate id="1317519" code="3" ex="No" /><Associate id="1317527" code="1" ex="No" /></PublicFigure><PublicFigure id="23844"><Associate id="23845" code="1" ex="No" /><Associate id="386267" code="29" ex="No" /><Associate id="11529069" code="7" ex="No" /><Associate id="11529073" code="8" ex="No" /><Associate id="11529078" code="4" ex="No" /></PublicFigure><PublicFigure id="23845"><Associate id="23844" code="2" ex="No" /></PublicFigure><PublicFigure id="23846"><Associate id="23847" code="1" ex="No" /></PublicFigure><PublicFigure id="23847"><Associate id="23846" code="2" ex="No" /></PublicFigure><PublicFigure id="23848"><Associate id="23849" code="1" ex="No" /></PublicFigure><PublicFigure id="23849"><Associate id="23848" code="2" ex="No" /></PublicFigure><PublicFigure id="23853"><Associate id="1025271" code="1" ex="No" /><Associate id="1345781" code="6" ex="No" /><Associate id="1345785" code="6" ex="No" /><Associate id="1345787" code="6" ex="No" /><Associate id="11712129" code="20" ex="No" /><Associate id="11712134" code="24" ex="No" /><Associate id="11712141" code="25" ex="No" /></PublicFigure><PublicFigure id="23856"><Associate id="923657" code="1" ex="No" /></PublicFigure><PublicFigure id="23859"><Associate id="1174280" code="1" ex="No" /></PublicFigure><PublicFigure id="23871"><Associate id="3433885" code="13" ex="No" /></PublicFigure><PublicFigure id="23879"><Associate id="1334276" code="2" ex="No" /></PublicFigure><PublicFigure id="23915"><Associate id="1344729" code="1" ex="No" /><Associate id="1344734" code="5" ex="No" /><Associate id="1344736" code="42" ex="No" /><Associate id="3448199" code="25" ex="No" /><Associate id="3448216" code="21" ex="Yes" /><Associate id="3448218" code="5" ex="No" /></PublicFigure><PublicFigure id="23919"><Associate id="1343801" code="8" ex="No" /><Associate id="1343809" code="7" ex="No" /></PublicFigure><PublicFigure id="23923"><Associate id="3064410" code="2" ex="No" /></PublicFigure><PublicFigure id="23934"><Associate id="841897" code="2" ex="No" /></PublicFigure><PublicFigure id="23963"><Associate id="697669" code="3" ex="No" /><Associate id="3023253" code="3" ex="No" /><Associate id="3023257" code="8" ex="No" /><Associate id="3023261" code="7" ex="No" /></PublicFigure><PublicFigure id="23976"><Associate id="3182753" code="1" ex="No" /><Associate id="3182756" code="6" ex="No" /><Associate id="3182759" code="6" ex="No" /><Associate id="3182760" code="6" ex="No" /><Associate id="3182762" code="6" ex="No" /></PublicFigure><PublicFigure id="23981"><Associate id="12776573" code="1" ex="No" /></PublicFigure><PublicFigure id="23983"><Associate id="23984" code="8" ex="No" /><Associate id="23985" code="7" ex="No" /><Associate id="23986" code="1" ex="No" /><Associate id="747967" code="5" ex="No" /></PublicFigure><PublicFigure id="23984"><Associate id="23983" code="5" ex="No" /><Associate id="747967" code="24" ex="No" /></PublicFigure><PublicFigure id="23985"><Associate id="23983" code="5" ex="No" /><Associate id="747967" code="24" ex="No" /></PublicFigure><PublicFigure id="23986"><Associate id="23983" code="2" ex="No" /><Associate id="747967" code="5" ex="No" /></PublicFigure><PublicFigure id="23987"><Associate id="23988" code="8" ex="No" /><Associate id="23989" code="7" ex="No" /></PublicFigure><PublicFigure id="23988"><Associate id="23987" code="5" ex="No" /></PublicFigure><PublicFigure id="23989"><Associate id="23987" code="5" ex="No" /></PublicFigure></PFA>