<?xml version="1.0" encoding="UTF-8"?><PFA><PublicFigure id="32784"><Associate id="13723" code="2" ex="No" /></PublicFigure><PublicFigure id="32785"><Associate id="13723" code="3" ex="No" /></PublicFigure><PublicFigure id="32789"><Associate id="13641" code="3" ex="No" /><Associate id="1015302" code="13" ex="Yes" /></PublicFigure><PublicFigure id="32790"><Associate id="32791" code="1" ex="No" /></PublicFigure><PublicFigure id="32791"><Associate id="32790" code="2" ex="No" /></PublicFigure><PublicFigure id="33361"><Associate id="940514" code="4" ex="No" /><Associate id="940515" code="12" ex="No" /></PublicFigure><PublicFigure id="33362"><Associate id="1039905" code="1" ex="No" /><Associate id="1039909" code="5" ex="No" /><Associate id="4441055" code="3" ex="No" /></PublicFigure><PublicFigure id="33363"><Associate id="838016" code="7" ex="No" /></PublicFigure><PublicFigure id="33369"><Associate id="33370" code="1" ex="No" /><Associate id="135213" code="6" ex="No" /><Associate id="331638" code="24" ex="No" /><Associate id="579784" code="25" ex="No" /><Associate id="602204" code="20" ex="Yes" /><Associate id="658186" code="6" ex="No" /><Associate id="660008" code="5" ex="No" /><Associate id="1018623" code="20" ex="No" /><Associate id="1018626" code="1" ex="Yes" /><Associate id="1185227" code="24" ex="No" /><Associate id="1185229" code="25" ex="No" /><Associate id="1281454" code="3" ex="No" /><Associate id="3006897" code="13" ex="No" /><Associate id="3006898" code="37" ex="No" /><Associate id="4450475" code="3" ex="No" /><Associate id="4890072" code="37" ex="No" /></PublicFigure><PublicFigure id="33370"><Associate id="33369" code="2" ex="No" /><Associate id="135213" code="6" ex="No" /><Associate id="602204" code="20" ex="Yes" /><Associate id="658186" code="6" ex="No" /><Associate id="660008" code="5" ex="No" /></PublicFigure><PublicFigure id="33376"><Associate id="33377" code="1" ex="No" /></PublicFigure><PublicFigure id="33377"><Associate id="33376" code="2" ex="No" /></PublicFigure><PublicFigure id="33410"><Associate id="1093834" code="5" ex="No" /><Associate id="1093835" code="12" ex="No" /><Associate id="1094076" code="1" ex="No" /></PublicFigure><PublicFigure id="33411"><Associate id="1037855" code="5" ex="No" /></PublicFigure><PublicFigure id="33413"><Associate id="1094786" code="1" ex="No" /><Associate id="1095390" code="5" ex="No" /></PublicFigure><PublicFigure id="33438"><Associate id="1042463" code="1" ex="No" /></PublicFigure><PublicFigure id="33441"><Associate id="1663627" code="20" ex="No" /></PublicFigure><PublicFigure id="33445"><Associate id="562359" code="3" ex="No" /><Associate id="11211820" code="3" ex="No" /><Associate id="11211823" code="3" ex="No" /><Associate id="11657848" code="1" ex="No" /></PublicFigure><PublicFigure id="33454"><Associate id="898189" code="6" ex="No" /><Associate id="898190" code="5" ex="No" /></PublicFigure><PublicFigure id="33456"><Associate id="1337593" code="5" ex="No" /><Associate id="1337612" code="5" ex="No" /><Associate id="1337617" code="5" ex="No" /></PublicFigure><PublicFigure id="33465"><Associate id="1362825" code="8" ex="No" /></PublicFigure><PublicFigure id="33466"><Associate id="2365135" code="44" ex="No" /><Associate id="4393035" code="44" ex="No" /><Associate id="11380639" code="5" ex="No" /><Associate id="11604359" code="44" ex="No" /><Associate id="11723735" code="44" ex="No" /><Associate id="11723736" code="44" ex="No" /><Associate id="11723737" code="44" ex="No" /><Associate id="11723738" code="44" ex="No" /><Associate id="11723739" code="44" ex="No" /><Associate id="11723740" code="44" ex="No" /><Associate id="11723741" code="44" ex="No" /><Associate id="12020102" code="44" ex="No" /><Associate id="12020103" code="44" ex="No" /><Associate id="12020104" code="44" ex="No" /><Associate id="12020105" code="44" ex="No" /><Associate id="12535473" code="20" ex="No" /></PublicFigure><PublicFigure id="33478"><Associate id="1037797" code="1" ex="No" /></PublicFigure><PublicFigure id="33480"><Associate id="1559079" code="8" ex="No" /><Associate id="1559106" code="18" ex="No" /></PublicFigure><PublicFigure id="33486"><Associate id="1559152" code="1" ex="No" /></PublicFigure><PublicFigure id="33523"><Associate id="709942" code="9" ex="No" /></PublicFigure><PublicFigure id="33531"><Associate id="1480855" code="3" ex="No" /></PublicFigure><PublicFigure id="33533"><Associate id="12145632" code="8" ex="No" /><Associate id="12145743" code="5" ex="No" /><Associate id="12145758" code="5" ex="No" /><Associate id="12145760" code="5" ex="No" /><Associate id="12145767" code="3" ex="No" /><Associate id="12145771" code="23" ex="No" /><Associate id="12145775" code="3" ex="No" /></PublicFigure><PublicFigure id="33549"><Associate id="1073266" code="5" ex="No" /><Associate id="1371007" code="37" ex="No" /></PublicFigure><PublicFigure id="33550"><Associate id="11220537" code="5" ex="No" /></PublicFigure><PublicFigure id="33551"><Associate id="1099476" code="14" ex="No" /><Associate id="1099482" code="8" ex="No" /></PublicFigure><PublicFigure id="33553"><Associate id="1051196" code="42" ex="Yes" /></PublicFigure><PublicFigure id="33564"><Associate id="2296507" code="5" ex="No" /><Associate id="2296511" code="21" ex="Yes" /><Associate id="2296515" code="24" ex="No" /><Associate id="11023846" code="1" ex="No" /></PublicFigure><PublicFigure id="33567"><Associate id="882974" code="35" ex="No" /><Associate id="1529425" code="35" ex="No" /><Associate id="2971376" code="35" ex="No" /><Associate id="2971381" code="35" ex="No" /><Associate id="11312266" code="35" ex="No" /><Associate id="11662114" code="1" ex="No" /><Associate id="11882398" code="35" ex="Yes" /></PublicFigure><PublicFigure id="33665"><Associate id="33666" code="1" ex="No" /></PublicFigure><PublicFigure id="33666"><Associate id="33665" code="2" ex="No" /></PublicFigure><PublicFigure id="33667"><Associate id="33668" code="1" ex="No" /></PublicFigure><PublicFigure id="33668"><Associate id="33667" code="2" ex="No" /></PublicFigure><PublicFigure id="33675"><Associate id="33676" code="1" ex="No" /></PublicFigure><PublicFigure id="33676"><Associate id="33675" code="2" ex="No" /></PublicFigure><PublicFigure id="33768"><Associate id="1097906" code="3" ex="No" /><Associate id="1097915" code="23" ex="No" /></PublicFigure><PublicFigure id="33769"><Associate id="1051056" code="42" ex="Yes" /><Associate id="11602238" code="1" ex="No" /><Associate id="11602254" code="6" ex="No" /><Associate id="11602273" code="6" ex="No" /><Associate id="11602280" code="5" ex="No" /><Associate id="11762974" code="20" ex="No" /><Associate id="11762985" code="20" ex="No" /><Associate id="11916236" code="5" ex="No" /><Associate id="11916251" code="8" ex="No" /><Associate id="11916739" code="17" ex="No" /><Associate id="11916752" code="16" ex="No" /></PublicFigure><PublicFigure id="33809"><Associate id="33810" code="35" ex="No" /><Associate id="33811" code="35" ex="No" /><Associate id="33813" code="35" ex="No" /><Associate id="33814" code="35" ex="No" /><Associate id="951140" code="29" ex="No" /><Associate id="1191980" code="3" ex="No" /><Associate id="1191984" code="3" ex="No" /><Associate id="1191991" code="3" ex="No" /><Associate id="1556740" code="35" ex="No" /><Associate id="1823993" code="35" ex="No" /></PublicFigure><PublicFigure id="33810"><Associate id="33809" code="35" ex="No" /></PublicFigure><PublicFigure id="33811"><Associate id="33809" code="35" ex="No" /></PublicFigure><PublicFigure id="33813"><Associate id="33809" code="35" ex="No" /></PublicFigure><PublicFigure id="33814"><Associate id="33809" code="35" ex="No" /></PublicFigure><PublicFigure id="33816"><Associate id="1098847" code="8" ex="No" /><Associate id="1098848" code="7" ex="No" /><Associate id="1098849" code="26" ex="No" /></PublicFigure><PublicFigure id="33818"><Associate id="1215832" code="5" ex="No" /></PublicFigure><PublicFigure id="33874"><Associate id="1068954" code="1" ex="No" /></PublicFigure><PublicFigure id="33884"><Associate id="92164" code="1" ex="No" /><Associate id="524106" code="7" ex="No" /><Associate id="680819" code="8" ex="No" /><Associate id="837640" code="5" ex="No" /><Associate id="837642" code="6" ex="No" /></PublicFigure><PublicFigure id="33886"><Associate id="950058" code="6" ex="No" /></PublicFigure><PublicFigure id="33887"><Associate id="171673" code="5" ex="No" /></PublicFigure><PublicFigure id="33888"><Associate id="4407313" code="1" ex="No" /></PublicFigure><PublicFigure id="33890"><Associate id="33993" code="44" ex="No" /><Associate id="33995" code="44" ex="No" /><Associate id="773357" code="44" ex="No" /></PublicFigure><PublicFigure id="33891"><Associate id="161227" code="34" ex="No" /><Associate id="876493" code="9" ex="No" /><Associate id="1836288" code="1" ex="No" /><Associate id="1836319" code="4" ex="No" /><Associate id="1836321" code="4" ex="No" /><Associate id="1836325" code="4" ex="No" /><Associate id="1836329" code="4" ex="No" /><Associate id="1836333" code="4" ex="No" /><Associate id="1836355" code="5" ex="No" /><Associate id="1836466" code="8" ex="No" /><Associate id="11007289" code="7" ex="No" /><Associate id="11654072" code="24" ex="No" /><Associate id="11974730" code="20" ex="No" /><Associate id="11974815" code="6" ex="No" /><Associate id="11974915" code="6" ex="No" /><Associate id="11974921" code="20" ex="No" /><Associate id="11974926" code="25" ex="No" /><Associate id="11974931" code="24" ex="No" /><Associate id="12689363" code="23" ex="No" /><Associate id="12689376" code="23" ex="No" /></PublicFigure><PublicFigure id="33900"><Associate id="1042817" code="8" ex="No" /></PublicFigure><PublicFigure id="33923"><Associate id="170944" code="13" ex="No" /></PublicFigure><PublicFigure id="33927"><Associate id="525813" code="4" ex="No" /><Associate id="525814" code="3" ex="No" /><Associate id="950505" code="1" ex="No" /><Associate id="950507" code="23" ex="No" /><Associate id="963340" code="8" ex="No" /><Associate id="963341" code="7" ex="No" /></PublicFigure><PublicFigure id="33933"><Associate id="1339185" code="8" ex="No" /><Associate id="1339205" code="5" ex="No" /><Associate id="1339217" code="5" ex="No" /></PublicFigure><PublicFigure id="33936"><Associate id="1042505" code="1" ex="No" /><Associate id="1182055" code="7" ex="No" /><Associate id="1182057" code="3" ex="No" /><Associate id="12595541" code="6" ex="No" /><Associate id="12595543" code="6" ex="No" /><Associate id="12595549" code="5" ex="No" /></PublicFigure><PublicFigure id="33938"><Associate id="85044" code="2" ex="No" /></PublicFigure><PublicFigure id="33940"><Associate id="1338922" code="4" ex="No" /><Associate id="1338934" code="12" ex="No" /></PublicFigure><PublicFigure id="33993"><Associate id="33890" code="44" ex="No" /><Associate id="33995" code="44" ex="No" /></PublicFigure><PublicFigure id="33995"><Associate id="33890" code="44" ex="No" /><Associate id="33993" code="44" ex="No" /></PublicFigure><PublicFigure id="34021"><Associate id="535116" code="1" ex="No" /><Associate id="535119" code="17" ex="No" /><Associate id="1816645" code="29" ex="No" /><Associate id="3229979" code="8" ex="No" /></PublicFigure><PublicFigure id="34022"><Associate id="34023" code="1" ex="No" /><Associate id="34024" code="5" ex="No" /><Associate id="34025" code="6" ex="No" /></PublicFigure><PublicFigure id="34023"><Associate id="34022" code="2" ex="No" /></PublicFigure><PublicFigure id="34024"><Associate id="34022" code="8" ex="No" /></PublicFigure><PublicFigure id="34025"><Associate id="34022" code="8" ex="No" /></PublicFigure><PublicFigure id="34026"><Associate id="34027" code="1" ex="No" /><Associate id="34028" code="6" ex="No" /><Associate id="34029" code="5" ex="No" /><Associate id="609314" code="8" ex="No" /><Associate id="609316" code="7" ex="No" /></PublicFigure><PublicFigure id="34027"><Associate id="34026" code="2" ex="No" /></PublicFigure><PublicFigure id="34028"><Associate id="34026" code="8" ex="No" /></PublicFigure><PublicFigure id="34029"><Associate id="34026" code="8" ex="No" /></PublicFigure><PublicFigure id="34031"><Associate id="11545248" code="8" ex="No" /><Associate id="11545250" code="7" ex="No" /></PublicFigure><PublicFigure id="34035"><Associate id="785607" code="1" ex="Yes" /><Associate id="785608" code="6" ex="No" /><Associate id="785611" code="6" ex="No" /><Associate id="1723809" code="8" ex="No" /><Associate id="1723810" code="7" ex="No" /><Associate id="11572017" code="5" ex="No" /></PublicFigure><PublicFigure id="34038"><Associate id="34403" code="29" ex="No" /></PublicFigure><PublicFigure id="34039"><Associate id="1779343" code="5" ex="No" /><Associate id="1779348" code="5" ex="No" /><Associate id="1779530" code="1" ex="No" /></PublicFigure><PublicFigure id="34040"><Associate id="34041" code="2" ex="No" /><Associate id="34042" code="5" ex="No" /><Associate id="34043" code="6" ex="No" /><Associate id="786407" code="17" ex="No" /></PublicFigure><PublicFigure id="34041"><Associate id="34040" code="1" ex="No" /></PublicFigure><PublicFigure id="34042"><Associate id="34040" code="7" ex="No" /></PublicFigure><PublicFigure id="34043"><Associate id="34040" code="7" ex="No" /></PublicFigure><PublicFigure id="34048"><Associate id="1746193" code="1" ex="Yes" /><Associate id="1746195" code="1" ex="No" /><Associate id="11515281" code="6" ex="No" /><Associate id="11515284" code="5" ex="No" /><Associate id="11515290" code="5" ex="No" /></PublicFigure><PublicFigure id="34049"><Associate id="786247" code="1" ex="No" /><Associate id="786248" code="6" ex="No" /><Associate id="786249" code="6" ex="No" /><Associate id="1763759" code="6" ex="No" /></PublicFigure><PublicFigure id="34052"><Associate id="1074219" code="1" ex="No" /><Associate id="1526761" code="44" ex="No" /></PublicFigure><PublicFigure id="34056"><Associate id="34057" code="2" ex="No" /><Associate id="34058" code="5" ex="No" /><Associate id="34059" code="5" ex="No" /></PublicFigure><PublicFigure id="34057"><Associate id="34056" code="1" ex="No" /></PublicFigure><PublicFigure id="34058"><Associate id="34056" code="7" ex="No" /></PublicFigure><PublicFigure id="34059"><Associate id="34056" code="7" ex="No" /></PublicFigure><PublicFigure id="34066"><Associate id="11701733" code="1" ex="No" /></PublicFigure><PublicFigure id="34070"><Associate id="789885" code="6" ex="No" /><Associate id="789890" code="5" ex="No" /><Associate id="4511955" code="1" ex="No" /></PublicFigure><PublicFigure id="34076"><Associate id="1333820" code="3" ex="No" /></PublicFigure><PublicFigure id="34091"><Associate id="11070570" code="1" ex="No" /><Associate id="12154245" code="6" ex="No" /><Associate id="12154249" code="6" ex="No" /></PublicFigure><PublicFigure id="34104"><Associate id="769815" code="1" ex="No" /><Associate id="964477" code="5" ex="No" /><Associate id="964478" code="6" ex="No" /><Associate id="3048984" code="6" ex="No" /><Associate id="3048995" code="6" ex="No" /><Associate id="11545311" code="8" ex="No" /><Associate id="11545316" code="7" ex="No" /><Associate id="11545337" code="4" ex="No" /></PublicFigure><PublicFigure id="34134"><Associate id="1060508" code="1" ex="No" /></PublicFigure><PublicFigure id="34138"><Associate id="11701807" code="2" ex="No" /><Associate id="11701811" code="6" ex="No" /></PublicFigure><PublicFigure id="34152"><Associate id="3113014" code="2" ex="No" /><Associate id="3113020" code="6" ex="No" /><Associate id="3113022" code="4" ex="No" /><Associate id="3113023" code="8" ex="No" /><Associate id="3113026" code="7" ex="No" /></PublicFigure><PublicFigure id="34158"><Associate id="4276712" code="1" ex="No" /><Associate id="4276718" code="5" ex="No" /><Associate id="4276720" code="5" ex="No" /><Associate id="4276722" code="5" ex="No" /></PublicFigure><PublicFigure id="34163"><Associate id="3240402" code="1" ex="No" /></PublicFigure><PublicFigure id="34165"><Associate id="2287353" code="1" ex="No" /><Associate id="2287356" code="5" ex="No" /></PublicFigure><PublicFigure id="34169"><Associate id="789872" code="1" ex="No" /><Associate id="789874" code="5" ex="No" /><Associate id="789876" code="5" ex="No" /><Associate id="963426" code="29" ex="No" /><Associate id="4715329" code="7" ex="No" /><Associate id="4715332" code="8" ex="No" /></PublicFigure><PublicFigure id="34181"><Associate id="3228627" code="1" ex="No" /><Associate id="11030021" code="5" ex="No" /><Associate id="11030022" code="5" ex="No" /><Associate id="11030026" code="8" ex="No" /><Associate id="11030043" code="7" ex="No" /></PublicFigure><PublicFigure id="34190"><Associate id="1493306" code="7" ex="No" /><Associate id="1493308" code="8" ex="No" /><Associate id="1493310" code="1" ex="No" /><Associate id="1493311" code="6" ex="No" /><Associate id="1493312" code="6" ex="No" /></PublicFigure><PublicFigure id="34192"><Associate id="874389" code="6" ex="No" /></PublicFigure><PublicFigure id="34196"><Associate id="4301301" code="6" ex="No" /><Associate id="11701889" code="2" ex="Yes" /><Associate id="11701891" code="2" ex="Yes" /></PublicFigure><PublicFigure id="34208"><Associate id="985550" code="1" ex="No" /><Associate id="985593" code="5" ex="No" /><Associate id="985642" code="5" ex="No" /><Associate id="985725" code="6" ex="No" /><Associate id="985776" code="5" ex="No" /></PublicFigure><PublicFigure id="34219"><Associate id="3114041" code="3" ex="No" /><Associate id="3114044" code="4" ex="No" /><Associate id="3114045" code="3" ex="No" /><Associate id="3114048" code="4" ex="No" /><Associate id="3114050" code="7" ex="No" /><Associate id="3114052" code="8" ex="No" /><Associate id="3114057" code="1" ex="No" /><Associate id="3114058" code="5" ex="No" /><Associate id="3114060" code="5" ex="No" /><Associate id="3114063" code="21" ex="No" /><Associate id="3114070" code="25" ex="No" /><Associate id="3114072" code="24" ex="No" /></PublicFigure><PublicFigure id="34221"><Associate id="637104" code="1" ex="No" /><Associate id="637106" code="6" ex="No" /><Associate id="637109" code="6" ex="No" /></PublicFigure><PublicFigure id="34227"><Associate id="960234" code="2" ex="No" /><Associate id="960241" code="5" ex="No" /><Associate id="960244" code="5" ex="No" /><Associate id="960247" code="6" ex="No" /><Associate id="960251" code="6" ex="No" /></PublicFigure><PublicFigure id="34230"><Associate id="966769" code="1" ex="Yes" /><Associate id="2270020" code="1" ex="No" /><Associate id="2270023" code="5" ex="No" /><Associate id="2270043" code="6" ex="No" /></PublicFigure><PublicFigure id="34231"><Associate id="34322" code="29" ex="No" /><Associate id="1074215" code="1" ex="No" /><Associate id="1333996" code="29" ex="No" /><Associate id="1555262" code="5" ex="No" /><Associate id="1555268" code="5" ex="No" /></PublicFigure><PublicFigure id="34234"><Associate id="2343738" code="5" ex="No" /></PublicFigure><PublicFigure id="34242"><Associate id="4316721" code="5" ex="No" /><Associate id="4316722" code="5" ex="No" /></PublicFigure><PublicFigure id="34252"><Associate id="1074241" code="1" ex="No" /><Associate id="3104149" code="6" ex="No" /><Associate id="3104157" code="6" ex="No" /><Associate id="3104167" code="4" ex="No" /></PublicFigure><PublicFigure id="34260"><Associate id="984356" code="1" ex="No" /><Associate id="984368" code="5" ex="No" /><Associate id="984384" code="6" ex="No" /><Associate id="1816275" code="29" ex="No" /><Associate id="3132198" code="37" ex="No" /></PublicFigure><PublicFigure id="34265"><Associate id="1762884" code="1" ex="No" /><Associate id="1762885" code="5" ex="No" /><Associate id="1762887" code="5" ex="No" /></PublicFigure><PublicFigure id="34269"><Associate id="12158463" code="8" ex="No" /><Associate id="12158465" code="7" ex="No" /></PublicFigure><PublicFigure id="34270"><Associate id="1749267" code="1" ex="No" /><Associate id="1749284" code="6" ex="No" /><Associate id="1749288" code="6" ex="No" /></PublicFigure><PublicFigure id="34273"><Associate id="783718" code="29" ex="No" /><Associate id="875760" code="29" ex="No" /><Associate id="1023266" code="1" ex="Yes" /><Associate id="1494146" code="5" ex="No" /><Associate id="1494147" code="6" ex="No" /><Associate id="2330174" code="29" ex="No" /><Associate id="3220996" code="3" ex="No" /><Associate id="3221029" code="8" ex="No" /><Associate id="3221041" code="14" ex="No" /><Associate id="3221049" code="15" ex="No" /><Associate id="3221055" code="19" ex="No" /><Associate id="11251234" code="7" ex="No" /><Associate id="11251247" code="18" ex="No" /><Associate id="11290658" code="1" ex="No" /><Associate id="11290717" code="5" ex="No" /></PublicFigure><PublicFigure id="34285"><Associate id="855550" code="1" ex="No" /><Associate id="855552" code="5" ex="No" /><Associate id="855553" code="5" ex="No" /><Associate id="1277366" code="25" ex="No" /><Associate id="1277367" code="24" ex="No" /><Associate id="1277370" code="24" ex="No" /><Associate id="1494137" code="24" ex="No" /><Associate id="1749260" code="37" ex="No" /><Associate id="1787494" code="12" ex="No" /><Associate id="2915340" code="21" ex="No" /><Associate id="3106012" code="25" ex="No" /><Associate id="3276372" code="8" ex="No" /><Associate id="4806642" code="7" ex="No" /><Associate id="11501983" code="21" ex="No" /></PublicFigure><PublicFigure id="34289"><Associate id="11503875" code="5" ex="No" /><Associate id="11503876" code="5" ex="No" /></PublicFigure><PublicFigure id="34291"><Associate id="34292" code="1" ex="No" /><Associate id="34293" code="8" ex="No" /><Associate id="34294" code="7" ex="No" /><Associate id="35134" code="35" ex="No" /><Associate id="244035" code="35" ex="No" /><Associate id="279946" code="35" ex="No" /><Associate id="279956" code="35" ex="No" /><Associate id="300208" code="35" ex="No" /><Associate id="699374" code="35" ex="No" /><Associate id="855537" code="5" ex="No" /><Associate id="855538" code="5" ex="No" /><Associate id="855539" code="5" ex="No" /><Associate id="855541" code="5" ex="No" /><Associate id="855543" code="24" ex="No" /><Associate id="855545" code="24" ex="No" /><Associate id="1716559" code="16" ex="No" /><Associate id="1716565" code="17" ex="No" /><Associate id="1716568" code="13" ex="No" /><Associate id="1716569" code="12" ex="No" /><Associate id="2274802" code="1" ex="Yes" /></PublicFigure><PublicFigure id="34292"><Associate id="34291" code="2" ex="No" /><Associate id="34293" code="17" ex="No" /><Associate id="34294" code="16" ex="No" /><Associate id="855537" code="10" ex="No" /><Associate id="855538" code="10" ex="No" /><Associate id="855539" code="5" ex="No" /><Associate id="855541" code="5" ex="No" /><Associate id="1716559" code="7" ex="No" /><Associate id="1716565" code="8" ex="No" /><Associate id="1716568" code="4" ex="No" /><Associate id="1716569" code="3" ex="No" /></PublicFigure><PublicFigure id="34293"><Associate id="34291" code="5" ex="No" /><Associate id="34292" code="21" ex="No" /><Associate id="855538" code="24" ex="No" /></PublicFigure><PublicFigure id="34294"><Associate id="34291" code="5" ex="No" /><Associate id="34292" code="21" ex="No" /><Associate id="855538" code="24" ex="No" /></PublicFigure><PublicFigure id="34298"><Associate id="11421505" code="1" ex="No" /><Associate id="11421847" code="5" ex="No" /><Associate id="11421850" code="5" ex="No" /></PublicFigure><PublicFigure id="34306"><Associate id="1533576" code="44" ex="No" /><Associate id="11191093" code="44" ex="No" /><Associate id="11191095" code="44" ex="No" /><Associate id="11191096" code="44" ex="No" /><Associate id="11192054" code="44" ex="No" /><Associate id="11192056" code="44" ex="No" /><Associate id="11192057" code="44" ex="No" /><Associate id="11192058" code="44" ex="No" /><Associate id="11192059" code="44" ex="No" /><Associate id="11192062" code="44" ex="No" /></PublicFigure><PublicFigure id="34311"><Associate id="34375" code="2" ex="No" /></PublicFigure><PublicFigure id="34312"><Associate id="34375" code="8" ex="No" /></PublicFigure><PublicFigure id="34314"><Associate id="877671" code="5" ex="No" /><Associate id="877672" code="8" ex="No" /><Associate id="877673" code="7" ex="No" /><Associate id="3095548" code="29" ex="No" /><Associate id="3095551" code="1" ex="Yes" /><Associate id="4482899" code="1" ex="Yes" /></PublicFigure><PublicFigure id="34315"><Associate id="3437329" code="6" ex="No" /><Associate id="3437341" code="1" ex="No" /></PublicFigure><PublicFigure id="34322"><Associate id="34231" code="29" ex="No" /><Associate id="697724" code="8" ex="No" /><Associate id="783718" code="29" ex="No" /><Associate id="823288" code="7" ex="No" /><Associate id="823289" code="4" ex="No" /><Associate id="823290" code="1" ex="Yes" /><Associate id="823292" code="1" ex="No" /><Associate id="823296" code="6" ex="No" /><Associate id="823297" code="6" ex="No" /><Associate id="12158899" code="14" ex="No" /></PublicFigure><PublicFigure id="34323"><Associate id="34324" code="6" ex="No" /><Associate id="34325" code="5" ex="No" /></PublicFigure><PublicFigure id="34324"><Associate id="34323" code="8" ex="No" /></PublicFigure><PublicFigure id="34325"><Associate id="34323" code="8" ex="No" /></PublicFigure><PublicFigure id="34329"><Associate id="4644637" code="1" ex="No" /></PublicFigure><PublicFigure id="34334"><Associate id="34335" code="1" ex="No" /><Associate id="34336" code="6" ex="No" /><Associate id="34337" code="24" ex="No" /><Associate id="34338" code="25" ex="No" /><Associate id="11537225" code="8" ex="No" /><Associate id="11537228" code="7" ex="No" /></PublicFigure><PublicFigure id="34335"><Associate id="34334" code="2" ex="No" /></PublicFigure><PublicFigure id="34336"><Associate id="34334" code="8" ex="No" /></PublicFigure><PublicFigure id="34337"><Associate id="34334" code="18" ex="No" /></PublicFigure><PublicFigure id="34338"><Associate id="34334" code="18" ex="No" /></PublicFigure><PublicFigure id="34339"><Associate id="34340" code="1" ex="No" /><Associate id="34341" code="6" ex="No" /><Associate id="34342" code="6" ex="No" /></PublicFigure><PublicFigure id="34340"><Associate id="34339" code="2" ex="No" /></PublicFigure><PublicFigure id="34341"><Associate id="34339" code="8" ex="No" /></PublicFigure><PublicFigure id="34342"><Associate id="34339" code="8" ex="No" /></PublicFigure><PublicFigure id="34345"><Associate id="786475" code="1" ex="No" /><Associate id="786476" code="5" ex="No" /><Associate id="786477" code="5" ex="No" /></PublicFigure><PublicFigure id="34347"><Associate id="34444" code="35" ex="No" /><Associate id="34446" code="35" ex="No" /><Associate id="35605" code="35" ex="No" /><Associate id="244124" code="35" ex="No" /></PublicFigure><PublicFigure id="34348"><Associate id="34349" code="1" ex="No" /><Associate id="34350" code="5" ex="No" /><Associate id="34351" code="6" ex="No" /></PublicFigure><PublicFigure id="34349"><Associate id="34348" code="2" ex="No" /></PublicFigure><PublicFigure id="34350"><Associate id="34348" code="8" ex="No" /></PublicFigure><PublicFigure id="34351"><Associate id="34348" code="8" ex="No" /></PublicFigure><PublicFigure id="34352"><Associate id="34353" code="1" ex="No" /><Associate id="34354" code="5" ex="No" /><Associate id="34355" code="6" ex="No" /></PublicFigure><PublicFigure id="34353"><Associate id="34352" code="2" ex="No" /></PublicFigure><PublicFigure id="34354"><Associate id="34352" code="8" ex="No" /></PublicFigure><PublicFigure id="34355"><Associate id="34352" code="8" ex="No" /></PublicFigure><PublicFigure id="34356"><Associate id="34357" code="1" ex="No" /><Associate id="34358" code="6" ex="No" /><Associate id="34359" code="6" ex="No" /></PublicFigure><PublicFigure id="34357"><Associate id="34356" code="2" ex="No" /></PublicFigure><PublicFigure id="34358"><Associate id="34356" code="8" ex="No" /></PublicFigure><PublicFigure id="34359"><Associate id="34356" code="8" ex="No" /></PublicFigure><PublicFigure id="34360"><Associate id="34361" code="1" ex="No" /><Associate id="34362" code="6" ex="No" /><Associate id="34363" code="5" ex="No" /><Associate id="34364" code="5" ex="No" /></PublicFigure><PublicFigure id="34361"><Associate id="34360" code="2" ex="No" /></PublicFigure><PublicFigure id="34362"><Associate id="34360" code="8" ex="No" /></PublicFigure><PublicFigure id="34363"><Associate id="34360" code="8" ex="No" /></PublicFigure><PublicFigure id="34364"><Associate id="34360" code="8" ex="No" /></PublicFigure><PublicFigure id="34365"><Associate id="1075723" code="8" ex="No" /><Associate id="1075724" code="7" ex="No" /><Associate id="1075725" code="1" ex="No" /><Associate id="1075728" code="6" ex="No" /><Associate id="1075729" code="5" ex="No" /><Associate id="1555247" code="20" ex="No" /></PublicFigure><PublicFigure id="34367"><Associate id="35554" code="3" ex="No" /><Associate id="1048006" code="42" ex="Yes" /><Associate id="3108421" code="1" ex="No" /><Associate id="3108423" code="5" ex="No" /><Associate id="3108427" code="5" ex="No" /><Associate id="3108430" code="6" ex="No" /><Associate id="3221689" code="3" ex="No" /><Associate id="4596915" code="8" ex="No" /></PublicFigure><PublicFigure id="34375"><Associate id="34311" code="1" ex="No" /><Associate id="34312" code="6" ex="No" /><Associate id="34378" code="5" ex="No" /></PublicFigure><PublicFigure id="34378"><Associate id="34375" code="8" ex="No" /></PublicFigure><PublicFigure id="34380"><Associate id="665434" code="8" ex="No" /><Associate id="665435" code="5" ex="No" /><Associate id="665436" code="6" ex="No" /><Associate id="1498616" code="1" ex="No" /></PublicFigure><PublicFigure id="34382"><Associate id="783812" code="7" ex="No" /><Associate id="783813" code="8" ex="No" /></PublicFigure><PublicFigure id="34383"><Associate id="786146" code="2" ex="No" /><Associate id="786147" code="6" ex="No" /><Associate id="786149" code="6" ex="No" /></PublicFigure><PublicFigure id="34390"><Associate id="786156" code="3" ex="No" /><Associate id="786157" code="1" ex="No" /></PublicFigure><PublicFigure id="34391"><Associate id="538933" code="5" ex="No" /><Associate id="538934" code="6" ex="No" /><Associate id="3106792" code="1" ex="No" /></PublicFigure><PublicFigure id="34394"><Associate id="1555221" code="1" ex="Yes" /><Associate id="3098179" code="6" ex="No" /><Associate id="11589612" code="8" ex="No" /><Associate id="11589616" code="3" ex="No" /><Associate id="11589625" code="3" ex="No" /><Associate id="11589651" code="1" ex="No" /></PublicFigure><PublicFigure id="34403"><Associate id="34038" code="29" ex="No" /><Associate id="772965" code="1" ex="No" /><Associate id="11544104" code="7" ex="No" /><Associate id="11544187" code="8" ex="No" /></PublicFigure><PublicFigure id="34411"><Associate id="1351388" code="2" ex="No" /><Associate id="3113444" code="8" ex="No" /><Associate id="11545562" code="5" ex="No" /><Associate id="11545573" code="6" ex="No" /><Associate id="11545576" code="5" ex="No" /><Associate id="11545634" code="2" ex="Yes" /></PublicFigure><PublicFigure id="34433"><Associate id="1565561" code="1" ex="No" /><Associate id="1565562" code="5" ex="No" /><Associate id="1565564" code="6" ex="No" /></PublicFigure><PublicFigure id="34437"><Associate id="3389998" code="1" ex="No" /></PublicFigure><PublicFigure id="34442"><Associate id="11061157" code="1" ex="No" /></PublicFigure><PublicFigure id="34444"><Associate id="34347" code="35" ex="No" /><Associate id="34446" code="35" ex="No" /><Associate id="35605" code="35" ex="No" /><Associate id="244124" code="35" ex="No" /><Associate id="302685" code="31" ex="No" /><Associate id="812881" code="6" ex="No" /><Associate id="812882" code="1" ex="Yes" /><Associate id="1409130" code="1" ex="Yes" /><Associate id="1409150" code="5" ex="No" /><Associate id="1409213" code="6" ex="No" /><Associate id="1409214" code="6" ex="No" /><Associate id="1409215" code="5" ex="No" /><Associate id="1409218" code="5" ex="No" /></PublicFigure><PublicFigure id="34446"><Associate id="34347" code="35" ex="No" /><Associate id="34444" code="35" ex="No" /><Associate id="35605" code="35" ex="No" /><Associate id="244124" code="35" ex="No" /></PublicFigure><PublicFigure id="34455"><Associate id="1490173" code="8" ex="No" /><Associate id="1490176" code="7" ex="No" /><Associate id="1490180" code="1" ex="No" /><Associate id="1490183" code="5" ex="No" /></PublicFigure><PublicFigure id="34463"><Associate id="1581081" code="21" ex="No" /><Associate id="1641062" code="5" ex="No" /><Associate id="3048685" code="2" ex="No" /><Associate id="3055569" code="24" ex="No" /><Associate id="12226068" code="5" ex="No" /></PublicFigure><PublicFigure id="34464"><Associate id="969094" code="5" ex="No" /><Associate id="969096" code="2" ex="Yes" /></PublicFigure><PublicFigure id="34474"><Associate id="12171201" code="2" ex="No" /><Associate id="12171219" code="5" ex="No" /><Associate id="12171223" code="5" ex="No" /></PublicFigure><PublicFigure id="34518"><Associate id="11412815" code="5" ex="No" /><Associate id="11412818" code="1" ex="No" /></PublicFigure><PublicFigure id="34532"><Associate id="12716908" code="5" ex="No" /><Associate id="12716909" code="1" ex="No" /></PublicFigure><PublicFigure id="34758"><Associate id="375433" code="37" ex="No" /><Associate id="1021479" code="1" ex="No" /><Associate id="1021480" code="5" ex="No" /><Associate id="1084407" code="12" ex="No" /><Associate id="1098340" code="3" ex="No" /><Associate id="11112999" code="22" ex="No" /><Associate id="11338452" code="3" ex="No" /><Associate id="11338460" code="3" ex="No" /><Associate id="11917122" code="8" ex="No" /></PublicFigure><PublicFigure id="34764"><Associate id="11237063" code="35" ex="No" /><Associate id="11290563" code="1" ex="No" /><Associate id="11290755" code="44" ex="No" /><Associate id="11290756" code="44" ex="No" /><Associate id="11290757" code="44" ex="No" /><Associate id="11290758" code="3" ex="No" /><Associate id="11290759" code="3" ex="No" /></PublicFigure><PublicFigure id="34767"><Associate id="1022914" code="1" ex="No" /><Associate id="1022915" code="6" ex="No" /></PublicFigure><PublicFigure id="34806"><Associate id="658208" code="8" ex="No" /><Associate id="787759" code="1" ex="No" /><Associate id="787760" code="5" ex="No" /><Associate id="787761" code="5" ex="No" /><Associate id="787762" code="6" ex="No" /><Associate id="1022633" code="37" ex="No" /></PublicFigure><PublicFigure id="34823"><Associate id="3206230" code="23" ex="No" /><Associate id="3206231" code="23" ex="No" /><Associate id="3206236" code="2" ex="No" /><Associate id="3206237" code="2" ex="Yes" /></PublicFigure><PublicFigure id="34827"><Associate id="4505951" code="1" ex="No" /></PublicFigure><PublicFigure id="34855"><Associate id="35585" code="3" ex="No" /><Associate id="741023" code="1" ex="No" /><Associate id="745357" code="3" ex="No" /><Associate id="748895" code="32" ex="Yes" /><Associate id="748897" code="32" ex="Yes" /><Associate id="813198" code="3" ex="No" /><Associate id="4511281" code="5" ex="No" /><Associate id="11636580" code="9" ex="No" /><Associate id="11868253" code="8" ex="No" /><Associate id="11868256" code="5" ex="No" /><Associate id="11868257" code="6" ex="No" /><Associate id="11868270" code="5" ex="No" /></PublicFigure><PublicFigure id="34856"><Associate id="778047" code="1" ex="No" /><Associate id="3286025" code="6" ex="No" /><Associate id="3286031" code="36" ex="No" /><Associate id="3286035" code="6" ex="No" /><Associate id="3286040" code="6" ex="No" /></PublicFigure><PublicFigure id="34859"><Associate id="804986" code="5" ex="No" /><Associate id="804987" code="5" ex="No" /></PublicFigure><PublicFigure id="34872"><Associate id="34873" code="1" ex="No" /><Associate id="823983" code="12" ex="No" /><Associate id="2923416" code="3" ex="No" /><Associate id="2977015" code="13" ex="No" /><Associate id="2977016" code="37" ex="No" /><Associate id="2977018" code="37" ex="No" /><Associate id="2977020" code="13" ex="No" /><Associate id="2977021" code="37" ex="No" /><Associate id="2977312" code="13" ex="No" /><Associate id="2977376" code="37" ex="No" /><Associate id="2977386" code="13" ex="No" /><Associate id="2977391" code="37" ex="No" /><Associate id="2977394" code="37" ex="No" /><Associate id="2977396" code="37" ex="No" /><Associate id="2977415" code="13" ex="No" /><Associate id="2977422" code="37" ex="No" /><Associate id="2977430" code="37" ex="No" /><Associate id="2977433" code="37" ex="No" /><Associate id="2977437" code="37" ex="No" /><Associate id="11836109" code="7" ex="No" /><Associate id="11836114" code="8" ex="No" /><Associate id="11836137" code="19" ex="No" /></PublicFigure><PublicFigure id="34873"><Associate id="34872" code="2" ex="No" /></PublicFigure><PublicFigure id="34891"><Associate id="657708" code="8" ex="No" /><Associate id="12176552" code="4" ex="No" /><Associate id="12176572" code="12" ex="No" /><Associate id="12176576" code="23" ex="No" /></PublicFigure><PublicFigure id="34905"><Associate id="34906" code="5" ex="No" /></PublicFigure><PublicFigure id="34906"><Associate id="34905" code="7" ex="No" /></PublicFigure><PublicFigure id="34910"><Associate id="11253655" code="1" ex="No" /></PublicFigure></PFA>