<?xml version="1.0" encoding="UTF-8"?><PFA><PublicFigure id="55362"><Associate id="55363" code="7" ex="No" /><Associate id="55364" code="1" ex="No" /><Associate id="1503791" code="5" ex="No" /></PublicFigure><PublicFigure id="55363"><Associate id="55362" code="5" ex="No" /></PublicFigure><PublicFigure id="55364"><Associate id="55362" code="2" ex="No" /></PublicFigure><PublicFigure id="59565"><Associate id="59566" code="8" ex="No" /><Associate id="59567" code="7" ex="No" /><Associate id="135077" code="5" ex="No" /><Associate id="148329" code="5" ex="No" /><Associate id="731079" code="6" ex="No" /><Associate id="855292" code="1" ex="No" /><Associate id="945773" code="5" ex="No" /><Associate id="945775" code="5" ex="No" /><Associate id="1503843" code="5" ex="No" /><Associate id="1503846" code="5" ex="No" /><Associate id="3079649" code="24" ex="No" /><Associate id="11550989" code="21" ex="No" /><Associate id="11825585" code="21" ex="No" /><Associate id="11825586" code="25" ex="No" /><Associate id="11825614" code="25" ex="No" /><Associate id="11825615" code="25" ex="No" /><Associate id="11825621" code="5" ex="No" /></PublicFigure><PublicFigure id="59566"><Associate id="59565" code="5" ex="No" /><Associate id="135077" code="24" ex="No" /><Associate id="148329" code="24" ex="No" /><Associate id="731079" code="25" ex="No" /><Associate id="1503846" code="24" ex="No" /></PublicFigure><PublicFigure id="59567"><Associate id="59565" code="5" ex="No" /><Associate id="135077" code="24" ex="No" /><Associate id="148329" code="24" ex="No" /><Associate id="731079" code="25" ex="No" /><Associate id="1503846" code="24" ex="No" /></PublicFigure><PublicFigure id="59570"><Associate id="583109" code="1" ex="No" /><Associate id="583110" code="5" ex="No" /><Associate id="583111" code="5" ex="No" /></PublicFigure></PFA>