<?xml version="1.0" encoding="UTF-8"?><PFA><PublicFigure id="51942"><Associate id="51943" code="1" ex="No" /><Associate id="846685" code="1" ex="No" /><Associate id="1653144" code="29" ex="No" /><Associate id="2856242" code="3" ex="No" /><Associate id="2856245" code="3" ex="No" /><Associate id="2978237" code="14" ex="No" /><Associate id="11174357" code="37" ex="No" /><Associate id="11174365" code="37" ex="No" /><Associate id="11174400" code="3" ex="No" /><Associate id="11174418" code="37" ex="No" /><Associate id="11174464" code="37" ex="No" /><Associate id="11174476" code="37" ex="No" /><Associate id="11174484" code="37" ex="No" /><Associate id="11174492" code="37" ex="No" /><Associate id="11174498" code="3" ex="No" /><Associate id="11174513" code="13" ex="Yes" /><Associate id="11174527" code="37" ex="No" /><Associate id="11174549" code="37" ex="No" /><Associate id="11174554" code="37" ex="No" /><Associate id="11174575" code="37" ex="No" /><Associate id="11174576" code="37" ex="No" /><Associate id="11174660" code="37" ex="No" /><Associate id="11174667" code="37" ex="No" /><Associate id="11174682" code="37" ex="No" /><Associate id="11174700" code="13" ex="No" /><Associate id="11174701" code="37" ex="No" /><Associate id="11174723" code="12" ex="No" /><Associate id="11174725" code="37" ex="No" /><Associate id="11174727" code="37" ex="No" /><Associate id="11910770" code="7" ex="No" /></PublicFigure><PublicFigure id="51943"><Associate id="51942" code="2" ex="No" /></PublicFigure><PublicFigure id="51944"><Associate id="688065" code="44" ex="No" /><Associate id="775262" code="44" ex="No" /></PublicFigure><PublicFigure id="51948"><Associate id="12551700" code="1" ex="No" /></PublicFigure><PublicFigure id="51952"><Associate id="11614159" code="5" ex="No" /><Associate id="11614186" code="21" ex="No" /></PublicFigure><PublicFigure id="51953"><Associate id="51954" code="8" ex="No" /><Associate id="51955" code="7" ex="No" /></PublicFigure><PublicFigure id="51954"><Associate id="51953" code="5" ex="No" /></PublicFigure><PublicFigure id="51955"><Associate id="51953" code="5" ex="No" /></PublicFigure><PublicFigure id="51956"><Associate id="2994774" code="5" ex="No" /><Associate id="2994775" code="5" ex="No" /></PublicFigure><PublicFigure id="51957"><Associate id="3081391" code="8" ex="No" /></PublicFigure><PublicFigure id="51964"><Associate id="11616591" code="1" ex="No" /><Associate id="11616593" code="6" ex="No" /></PublicFigure><PublicFigure id="51977"><Associate id="2285825" code="5" ex="No" /><Associate id="2285829" code="5" ex="No" /><Associate id="2285831" code="5" ex="No" /><Associate id="2285835" code="5" ex="No" /><Associate id="2285849" code="6" ex="No" /><Associate id="11753257" code="3" ex="No" /><Associate id="11753264" code="3" ex="No" /><Associate id="11753270" code="3" ex="No" /><Associate id="11753275" code="3" ex="No" /><Associate id="11753278" code="12" ex="No" /></PublicFigure><PublicFigure id="51978"><Associate id="847237" code="8" ex="No" /><Associate id="847238" code="7" ex="No" /><Associate id="847239" code="1" ex="No" /><Associate id="847240" code="6" ex="No" /><Associate id="847243" code="6" ex="No" /><Associate id="847244" code="5" ex="No" /><Associate id="847245" code="5" ex="No" /><Associate id="847246" code="5" ex="No" /><Associate id="847247" code="5" ex="No" /><Associate id="847248" code="6" ex="No" /></PublicFigure><PublicFigure id="51981"><Associate id="1707839" code="3" ex="No" /></PublicFigure><PublicFigure id="52004"><Associate id="11497015" code="8" ex="No" /></PublicFigure><PublicFigure id="52008"><Associate id="4850296" code="42" ex="No" /></PublicFigure><PublicFigure id="52017"><Associate id="11090528" code="5" ex="No" /></PublicFigure><PublicFigure id="52019"><Associate id="625276" code="42" ex="No" /><Associate id="625431" code="42" ex="Yes" /><Associate id="11786564" code="1" ex="No" /></PublicFigure><PublicFigure id="52021"><Associate id="625289" code="42" ex="No" /></PublicFigure><PublicFigure id="52026"><Associate id="1703886" code="1" ex="No" /></PublicFigure><PublicFigure id="52040"><Associate id="2967800" code="1" ex="No" /><Associate id="11119591" code="8" ex="No" /><Associate id="11119596" code="7" ex="No" /></PublicFigure><PublicFigure id="52046"><Associate id="1348206" code="1" ex="No" /></PublicFigure><PublicFigure id="52054"><Associate id="888310" code="1" ex="No" /></PublicFigure><PublicFigure id="52055"><Associate id="1060701" code="1" ex="No" /></PublicFigure><PublicFigure id="52079"><Associate id="11499418" code="9" ex="No" /></PublicFigure><PublicFigure id="52084"><Associate id="2958050" code="8" ex="No" /><Associate id="2958064" code="3" ex="No" /><Associate id="2958076" code="3" ex="No" /><Associate id="2958082" code="3" ex="No" /><Associate id="2958090" code="3" ex="No" /><Associate id="2958095" code="3" ex="No" /></PublicFigure><PublicFigure id="52098"><Associate id="11897242" code="8" ex="No" /><Associate id="11897250" code="7" ex="No" /><Associate id="11897284" code="5" ex="No" /><Associate id="11897305" code="5" ex="No" /><Associate id="11897329" code="6" ex="No" /><Associate id="11897366" code="6" ex="No" /><Associate id="11897386" code="6" ex="No" /></PublicFigure><PublicFigure id="52117"><Associate id="11540574" code="42" ex="Yes" /></PublicFigure><PublicFigure id="52160"><Associate id="1054718" code="42" ex="Yes" /></PublicFigure><PublicFigure id="52179"><Associate id="52180" code="3" ex="No" /><Associate id="52181" code="12" ex="No" /><Associate id="52735" code="8" ex="No" /><Associate id="52737" code="5" ex="No" /><Associate id="52738" code="6" ex="No" /><Associate id="52739" code="5" ex="No" /><Associate id="52740" code="6" ex="No" /><Associate id="52741" code="5" ex="No" /><Associate id="52742" code="5" ex="No" /><Associate id="674707" code="1" ex="No" /><Associate id="675539" code="5" ex="No" /><Associate id="1653144" code="29" ex="No" /></PublicFigure><PublicFigure id="52180"><Associate id="52179" code="3" ex="No" /></PublicFigure><PublicFigure id="52181"><Associate id="52179" code="12" ex="No" /><Associate id="92198" code="5" ex="No" /><Associate id="326895" code="9" ex="No" /><Associate id="847000" code="6" ex="No" /><Associate id="1774235" code="37" ex="No" /><Associate id="3085498" code="6" ex="No" /><Associate id="3085507" code="6" ex="No" /><Associate id="3085512" code="6" ex="No" /><Associate id="3085514" code="6" ex="No" /><Associate id="3085523" code="6" ex="No" /><Associate id="3085528" code="6" ex="No" /><Associate id="3085537" code="5" ex="No" /><Associate id="3085541" code="5" ex="No" /><Associate id="3085551" code="1" ex="No" /><Associate id="3085555" code="1" ex="No" /><Associate id="11614522" code="21" ex="No" /><Associate id="11614558" code="25" ex="No" /></PublicFigure><PublicFigure id="52182"><Associate id="687858" code="1" ex="No" /><Associate id="839753" code="5" ex="No" /><Associate id="839763" code="5" ex="No" /><Associate id="839768" code="6" ex="No" /><Associate id="839769" code="6" ex="No" /><Associate id="839775" code="6" ex="No" /><Associate id="839776" code="6" ex="No" /><Associate id="840095" code="21" ex="No" /><Associate id="840096" code="24" ex="No" /><Associate id="2289612" code="13" ex="No" /><Associate id="2289613" code="17" ex="No" /><Associate id="2289619" code="13" ex="No" /></PublicFigure><PublicFigure id="52183"><Associate id="899677" code="5" ex="No" /><Associate id="1035858" code="3" ex="No" /><Associate id="1035859" code="8" ex="No" /></PublicFigure><PublicFigure id="52184"><Associate id="823909" code="1" ex="No" /><Associate id="849797" code="1" ex="Yes" /><Associate id="11056253" code="37" ex="No" /><Associate id="11056255" code="23" ex="No" /></PublicFigure><PublicFigure id="52189"><Associate id="775727" code="3" ex="No" /><Associate id="1056335" code="13" ex="No" /><Associate id="11366389" code="8" ex="No" /><Associate id="11366390" code="7" ex="No" /><Associate id="11366391" code="23" ex="No" /><Associate id="11366392" code="23" ex="No" /><Associate id="11366403" code="23" ex="No" /><Associate id="11366404" code="23" ex="No" /><Associate id="11366405" code="23" ex="No" /><Associate id="11366406" code="3" ex="No" /><Associate id="11366408" code="3" ex="No" /><Associate id="11366409" code="4" ex="No" /><Associate id="11366410" code="27" ex="No" /><Associate id="11366411" code="27" ex="No" /><Associate id="11366415" code="3" ex="No" /><Associate id="11366416" code="3" ex="No" /><Associate id="11366417" code="3" ex="No" /><Associate id="11366418" code="3" ex="No" /><Associate id="11366419" code="3" ex="No" /><Associate id="11366420" code="3" ex="No" /><Associate id="11366422" code="3" ex="No" /><Associate id="11366423" code="3" ex="No" /><Associate id="11366424" code="3" ex="No" /><Associate id="11366426" code="3" ex="No" /></PublicFigure><PublicFigure id="52190"><Associate id="1003961" code="8" ex="No" /><Associate id="1380981" code="1" ex="No" /></PublicFigure><PublicFigure id="52193"><Associate id="1707862" code="37" ex="No" /></PublicFigure><PublicFigure id="52197"><Associate id="52198" code="8" ex="No" /><Associate id="1532200" code="3" ex="No" /></PublicFigure><PublicFigure id="52198"><Associate id="52197" code="5" ex="No" /><Associate id="1532200" code="5" ex="No" /></PublicFigure><PublicFigure id="52203"><Associate id="92192" code="8" ex="No" /><Associate id="92193" code="7" ex="No" /></PublicFigure><PublicFigure id="52205"><Associate id="1380981" code="22" ex="No" /></PublicFigure><PublicFigure id="52209"><Associate id="1799009" code="8" ex="No" /><Associate id="1799013" code="7" ex="No" /><Associate id="1799018" code="3" ex="No" /><Associate id="1799026" code="3" ex="No" /><Associate id="1799031" code="3" ex="No" /><Associate id="1799055" code="4" ex="No" /><Associate id="1799064" code="4" ex="No" /><Associate id="1799071" code="29" ex="No" /></PublicFigure><PublicFigure id="52216"><Associate id="92191" code="1" ex="No" /></PublicFigure><PublicFigure id="52217"><Associate id="1073171" code="6" ex="No" /></PublicFigure><PublicFigure id="52289"><Associate id="2995441" code="12" ex="No" /></PublicFigure><PublicFigure id="52408"><Associate id="4325311" code="3" ex="No" /></PublicFigure><PublicFigure id="52449"><Associate id="1433350" code="1" ex="No" /><Associate id="2998626" code="5" ex="No" /><Associate id="2998630" code="5" ex="No" /><Associate id="2998636" code="5" ex="No" /><Associate id="2998641" code="5" ex="No" /><Associate id="2998643" code="6" ex="No" /><Associate id="2998645" code="6" ex="No" /><Associate id="2998648" code="6" ex="No" /></PublicFigure><PublicFigure id="52504"><Associate id="52572" code="8" ex="No" /><Associate id="52573" code="7" ex="No" /><Associate id="625245" code="42" ex="Yes" /><Associate id="625288" code="42" ex="Yes" /><Associate id="888299" code="42" ex="Yes" /><Associate id="1054721" code="42" ex="Yes" /></PublicFigure><PublicFigure id="52513"><Associate id="11845520" code="1" ex="No" /></PublicFigure><PublicFigure id="52530"><Associate id="2299186" code="8" ex="No" /><Associate id="2299187" code="3" ex="No" /><Associate id="2299191" code="3" ex="No" /></PublicFigure><PublicFigure id="52546"><Associate id="847248" code="21" ex="No" /><Associate id="2314776" code="6" ex="No" /><Associate id="2314778" code="20" ex="No" /><Associate id="2314781" code="5" ex="No" /></PublicFigure><PublicFigure id="52572"><Associate id="52504" code="5" ex="No" /></PublicFigure><PublicFigure id="52573"><Associate id="52504" code="5" ex="No" /></PublicFigure><PublicFigure id="52600"><Associate id="52601" code="8" ex="No" /></PublicFigure><PublicFigure id="52601"><Associate id="52600" code="5" ex="No" /></PublicFigure><PublicFigure id="52641"><Associate id="52642" code="8" ex="No" /></PublicFigure><PublicFigure id="52642"><Associate id="52641" code="5" ex="No" /></PublicFigure><PublicFigure id="52649"><Associate id="52650" code="8" ex="No" /><Associate id="52651" code="7" ex="No" /><Associate id="52652" code="1" ex="No" /><Associate id="52653" code="5" ex="No" /><Associate id="52654" code="6" ex="No" /><Associate id="52655" code="6" ex="No" /><Associate id="52656" code="6" ex="No" /><Associate id="52657" code="6" ex="No" /><Associate id="52658" code="6" ex="No" /></PublicFigure><PublicFigure id="52650"><Associate id="52649" code="5" ex="No" /></PublicFigure><PublicFigure id="52651"><Associate id="52649" code="5" ex="No" /></PublicFigure><PublicFigure id="52652"><Associate id="52649" code="2" ex="No" /></PublicFigure><PublicFigure id="52653"><Associate id="52649" code="8" ex="No" /></PublicFigure><PublicFigure id="52654"><Associate id="52649" code="8" ex="No" /></PublicFigure><PublicFigure id="52655"><Associate id="52649" code="8" ex="No" /></PublicFigure><PublicFigure id="52656"><Associate id="52649" code="8" ex="No" /></PublicFigure><PublicFigure id="52657"><Associate id="52649" code="8" ex="No" /></PublicFigure><PublicFigure id="52658"><Associate id="52649" code="8" ex="No" /></PublicFigure><PublicFigure id="52661"><Associate id="52662" code="1" ex="No" /><Associate id="52663" code="5" ex="No" /><Associate id="52664" code="5" ex="No" /><Associate id="52665" code="5" ex="No" /></PublicFigure><PublicFigure id="52662"><Associate id="52661" code="2" ex="No" /></PublicFigure><PublicFigure id="52663"><Associate id="52661" code="8" ex="No" /></PublicFigure><PublicFigure id="52664"><Associate id="52661" code="8" ex="No" /></PublicFigure><PublicFigure id="52665"><Associate id="52661" code="8" ex="No" /></PublicFigure><PublicFigure id="52671"><Associate id="1211186" code="1" ex="No" /></PublicFigure><PublicFigure id="52672"><Associate id="52673" code="8" ex="No" /><Associate id="52674" code="7" ex="No" /><Associate id="52675" code="1" ex="No" /><Associate id="52676" code="6" ex="No" /><Associate id="52677" code="6" ex="No" /><Associate id="52679" code="6" ex="No" /><Associate id="52680" code="5" ex="No" /><Associate id="52681" code="5" ex="No" /><Associate id="847187" code="6" ex="No" /></PublicFigure><PublicFigure id="52673"><Associate id="52672" code="5" ex="No" /></PublicFigure><PublicFigure id="52674"><Associate id="52672" code="5" ex="No" /></PublicFigure><PublicFigure id="52675"><Associate id="52672" code="2" ex="No" /></PublicFigure><PublicFigure id="52676"><Associate id="52672" code="8" ex="No" /></PublicFigure><PublicFigure id="52677"><Associate id="52672" code="8" ex="No" /></PublicFigure><PublicFigure id="52679"><Associate id="52672" code="8" ex="No" /></PublicFigure><PublicFigure id="52680"><Associate id="52672" code="8" ex="No" /></PublicFigure><PublicFigure id="52681"><Associate id="52672" code="8" ex="No" /></PublicFigure><PublicFigure id="52701"><Associate id="52702" code="1" ex="No" /><Associate id="52703" code="5" ex="No" /><Associate id="52704" code="5" ex="No" /><Associate id="3196173" code="5" ex="No" /><Associate id="3196175" code="6" ex="No" /></PublicFigure><PublicFigure id="52702"><Associate id="52701" code="2" ex="No" /></PublicFigure><PublicFigure id="52703"><Associate id="52701" code="8" ex="No" /></PublicFigure><PublicFigure id="52704"><Associate id="52701" code="8" ex="No" /></PublicFigure><PublicFigure id="52735"><Associate id="52179" code="5" ex="No" /></PublicFigure><PublicFigure id="52737"><Associate id="52179" code="8" ex="No" /></PublicFigure><PublicFigure id="52738"><Associate id="52179" code="8" ex="No" /></PublicFigure><PublicFigure id="52739"><Associate id="52179" code="8" ex="No" /></PublicFigure><PublicFigure id="52740"><Associate id="52179" code="8" ex="No" /></PublicFigure><PublicFigure id="52741"><Associate id="52179" code="8" ex="No" /></PublicFigure><PublicFigure id="52742"><Associate id="52179" code="8" ex="No" /></PublicFigure><PublicFigure id="52744"><Associate id="52745" code="8" ex="No" /><Associate id="52746" code="7" ex="No" /><Associate id="52747" code="1" ex="No" /><Associate id="52748" code="5" ex="No" /><Associate id="52749" code="6" ex="No" /><Associate id="52750" code="6" ex="No" /><Associate id="52751" code="6" ex="No" /><Associate id="52752" code="6" ex="No" /></PublicFigure><PublicFigure id="52745"><Associate id="52744" code="5" ex="No" /></PublicFigure><PublicFigure id="52746"><Associate id="52744" code="5" ex="No" /></PublicFigure><PublicFigure id="52747"><Associate id="52744" code="2" ex="No" /></PublicFigure><PublicFigure id="52748"><Associate id="52744" code="8" ex="No" /></PublicFigure><PublicFigure id="52749"><Associate id="52744" code="8" ex="No" /></PublicFigure><PublicFigure id="52750"><Associate id="52744" code="8" ex="No" /></PublicFigure><PublicFigure id="52751"><Associate id="52744" code="8" ex="No" /></PublicFigure><PublicFigure id="52752"><Associate id="52744" code="8" ex="No" /></PublicFigure></PFA>