<?xml version="1.0" encoding="UTF-8"?><PFA><SpecialEntity id="646288"><Associate id="519032" code="35" ex="No" /><Associate id="519037" code="35" ex="No" /><Associate id="519041" code="35" ex="No" /><Associate id="519047" code="35" ex="No" /><Associate id="519050" code="35" ex="No" /><Associate id="519071" code="35" ex="No" /><Associate id="519076" code="35" ex="No" /><Associate id="519078" code="35" ex="No" /><Associate id="519080" code="35" ex="No" /><Associate id="519083" code="35" ex="No" /><Associate id="519085" code="35" ex="No" /><Associate id="519087" code="35" ex="No" /><Associate id="519090" code="35" ex="No" /><Associate id="519091" code="35" ex="No" /><Associate id="519094" code="35" ex="No" /><Associate id="519097" code="35" ex="No" /><Associate id="519098" code="35" ex="No" /><Associate id="2976042" code="35" ex="No" /><Associate id="3442287" code="35" ex="No" /></SpecialEntity><SpecialEntity id="646341"><Associate id="625327" code="35" ex="No" /></SpecialEntity><SpecialEntity id="646469"><Associate id="1170958" code="45" ex="No" /></SpecialEntity><SpecialEntity id="646473"><Associate id="1399062" code="34" ex="Yes" /><Associate id="1399064" code="34" ex="Yes" /><Associate id="3156422" code="34" ex="Yes" /><Associate id="4345085" code="45" ex="No" /></SpecialEntity><SpecialEntity id="646476"><Associate id="1170958" code="45" ex="No" /></SpecialEntity><SpecialEntity id="646480"><Associate id="646496" code="35" ex="No" /></SpecialEntity><SpecialEntity id="646483"><Associate id="1053794" code="43" ex="No" /><Associate id="1060366" code="45" ex="No" /></SpecialEntity><SpecialEntity id="646565"><Associate id="757605" code="35" ex="No" /><Associate id="757692" code="35" ex="No" /><Associate id="869756" code="35" ex="No" /><Associate id="879760" code="35" ex="No" /><Associate id="889479" code="35" ex="No" /><Associate id="910899" code="35" ex="No" /><Associate id="1018436" code="35" ex="No" /><Associate id="1394928" code="35" ex="No" /><Associate id="1452948" code="35" ex="No" /><Associate id="1452973" code="35" ex="No" /><Associate id="1453006" code="35" ex="No" /><Associate id="4462437" code="35" ex="No" /><Associate id="4462438" code="35" ex="No" /><Associate id="4463754" code="35" ex="No" /><Associate id="4463874" code="35" ex="No" /><Associate id="4463891" code="35" ex="No" /><Associate id="4463904" code="35" ex="No" /><Associate id="4464150" code="35" ex="No" /><Associate id="11133688" code="35" ex="No" /><Associate id="11133689" code="35" ex="No" /><Associate id="11133690" code="35" ex="No" /><Associate id="11944946" code="35" ex="No" /><Associate id="11944980" code="35" ex="No" /><Associate id="11944985" code="35" ex="No" /><Associate id="11948974" code="35" ex="No" /><Associate id="12298065" code="35" ex="No" /><Associate id="12298066" code="35" ex="No" /></SpecialEntity><SpecialEntity id="649606"><Associate id="649791" code="47" ex="Yes" /><Associate id="1055102" code="45" ex="No" /><Associate id="1395717" code="47" ex="No" /><Associate id="1395719" code="47" ex="No" /><Associate id="1395721" code="47" ex="Yes" /><Associate id="1395722" code="47" ex="No" /><Associate id="1395739" code="47" ex="No" /><Associate id="1395748" code="47" ex="No" /><Associate id="4517603" code="47" ex="No" /><Associate id="4517791" code="47" ex="No" /><Associate id="4518230" code="47" ex="No" /><Associate id="4519375" code="47" ex="No" /><Associate id="4519399" code="47" ex="No" /><Associate id="4519426" code="47" ex="Yes" /></SpecialEntity><SpecialEntity id="649610"><Associate id="649869" code="43" ex="No" /><Associate id="649872" code="43" ex="No" /></SpecialEntity><SpecialEntity id="649619"><Associate id="649620" code="35" ex="No" /></SpecialEntity><SpecialEntity id="649657"><Associate id="649797" code="35" ex="No" /></SpecialEntity><SpecialEntity id="649698"><Associate id="649889" code="35" ex="No" /></SpecialEntity><SpecialEntity id="649699"><Associate id="649598" code="35" ex="No" /></SpecialEntity><SpecialEntity id="649737"><Associate id="649713" code="35" ex="No" /><Associate id="770731" code="35" ex="No" /></SpecialEntity><SpecialEntity id="649741"><Associate id="649799" code="35" ex="No" /><Associate id="649843" code="35" ex="No" /><Associate id="649890" code="35" ex="No" /><Associate id="649892" code="35" ex="No" /></SpecialEntity><SpecialEntity id="649791"><Associate id="649606" code="43" ex="Yes" /><Associate id="1055102" code="45" ex="Yes" /></SpecialEntity><SpecialEntity id="649807"><Associate id="649793" code="35" ex="No" /></SpecialEntity><SpecialEntity id="649811"><Associate id="649754" code="35" ex="No" /></SpecialEntity><SpecialEntity id="649864"><Associate id="781790" code="35" ex="No" /></SpecialEntity><SpecialEntity id="649890"><Associate id="649741" code="35" ex="No" /><Associate id="649799" code="35" ex="No" /><Associate id="649843" code="35" ex="No" /><Associate id="649892" code="35" ex="No" /></SpecialEntity><SpecialEntity id="649892"><Associate id="649741" code="35" ex="No" /><Associate id="649799" code="35" ex="No" /><Associate id="649843" code="35" ex="No" /><Associate id="649890" code="35" ex="No" /></SpecialEntity><SpecialEntity id="649893"><Associate id="649733" code="35" ex="No" /></SpecialEntity></PFA>