<?xml version="1.0" encoding="UTF-8"?><PFA><SpecialEntity id="650605"><Associate id="172163" code="35" ex="No" /><Associate id="176525" code="35" ex="No" /><Associate id="686406" code="35" ex="Yes" /><Associate id="1128457" code="34" ex="Yes" /><Associate id="2945530" code="34" ex="Yes" /><Associate id="4880941" code="34" ex="Yes" /><Associate id="4880969" code="34" ex="Yes" /><Associate id="4880984" code="34" ex="Yes" /><Associate id="4880992" code="34" ex="Yes" /><Associate id="4880997" code="34" ex="Yes" /><Associate id="4881001" code="34" ex="Yes" /><Associate id="4881365" code="34" ex="Yes" /><Associate id="12342029" code="34" ex="Yes" /><Associate id="12342130" code="34" ex="Yes" /><Associate id="12342133" code="34" ex="Yes" /><Associate id="12342172" code="34" ex="Yes" /><Associate id="12342179" code="34" ex="Yes" /><Associate id="12342181" code="34" ex="Yes" /><Associate id="12342183" code="34" ex="Yes" /><Associate id="12342197" code="34" ex="Yes" /><Associate id="12342199" code="34" ex="Yes" /><Associate id="12342206" code="34" ex="Yes" /><Associate id="12342209" code="34" ex="Yes" /><Associate id="12342220" code="34" ex="Yes" /><Associate id="12342224" code="34" ex="Yes" /><Associate id="12572622" code="34" ex="Yes" /><Associate id="12573115" code="34" ex="Yes" /><Associate id="12601822" code="34" ex="No" /></SpecialEntity><SpecialEntity id="650618"><Associate id="40623" code="34" ex="Yes" /><Associate id="939811" code="34" ex="Yes" /><Associate id="1040653" code="34" ex="Yes" /><Associate id="1128942" code="34" ex="Yes" /><Associate id="1542593" code="47" ex="No" /><Associate id="1764475" code="34" ex="Yes" /><Associate id="3424780" code="34" ex="Yes" /><Associate id="4837645" code="34" ex="Yes" /><Associate id="4880645" code="34" ex="Yes" /><Associate id="4880669" code="34" ex="Yes" /><Associate id="4880672" code="34" ex="Yes" /><Associate id="4880674" code="34" ex="Yes" /><Associate id="4880695" code="34" ex="Yes" /><Associate id="4880698" code="34" ex="Yes" /><Associate id="4880699" code="34" ex="Yes" /><Associate id="4881365" code="34" ex="Yes" /><Associate id="4881373" code="34" ex="Yes" /><Associate id="11130208" code="34" ex="Yes" /><Associate id="11636883" code="34" ex="Yes" /><Associate id="11998489" code="34" ex="Yes" /><Associate id="12369663" code="34" ex="Yes" /><Associate id="12705062" code="34" ex="No" /></SpecialEntity><SpecialEntity id="650622"><Associate id="40677" code="35" ex="No" /><Associate id="172163" code="35" ex="No" /></SpecialEntity><SpecialEntity id="650639"><Associate id="369615" code="35" ex="No" /></SpecialEntity><SpecialEntity id="651503"><Associate id="1054489" code="45" ex="No" /></SpecialEntity><SpecialEntity id="651506"><Associate id="1053239" code="45" ex="No" /></SpecialEntity><SpecialEntity id="652113"><Associate id="1053896" code="45" ex="No" /></SpecialEntity><SpecialEntity id="652128"><Associate id="1054489" code="45" ex="No" /></SpecialEntity><SpecialEntity id="652135"><Associate id="768560" code="35" ex="No" /><Associate id="768561" code="35" ex="No" /><Associate id="768562" code="35" ex="No" /><Associate id="768563" code="35" ex="No" /></SpecialEntity><SpecialEntity id="652136"><Associate id="768568" code="35" ex="No" /><Associate id="768569" code="35" ex="No" /><Associate id="768570" code="35" ex="No" /></SpecialEntity><SpecialEntity id="652151"><Associate id="768549" code="35" ex="No" /><Associate id="768550" code="35" ex="No" /><Associate id="768551" code="35" ex="No" /><Associate id="768553" code="35" ex="No" /><Associate id="768555" code="35" ex="No" /><Associate id="768556" code="35" ex="No" /><Associate id="768557" code="35" ex="No" /></SpecialEntity><SpecialEntity id="652164"><Associate id="3177319" code="34" ex="Yes" /></SpecialEntity><SpecialEntity id="652180"><Associate id="768571" code="35" ex="No" /><Associate id="768572" code="35" ex="No" /><Associate id="3218994" code="35" ex="No" /><Associate id="11215156" code="34" ex="No" /><Associate id="12629154" code="34" ex="Yes" /></SpecialEntity><SpecialEntity id="652187"><Associate id="3177402" code="34" ex="Yes" /></SpecialEntity><SpecialEntity id="652197"><Associate id="652202" code="45" ex="No" /></SpecialEntity><SpecialEntity id="652202"><Associate id="327446" code="34" ex="Yes" /><Associate id="652197" code="46" ex="No" /><Associate id="1069899" code="34" ex="Yes" /><Associate id="2300071" code="34" ex="Yes" /><Associate id="11093614" code="34" ex="Yes" /></SpecialEntity><SpecialEntity id="652205"><Associate id="1170958" code="45" ex="No" /></SpecialEntity><SpecialEntity id="652206"><Associate id="1170958" code="45" ex="No" /></SpecialEntity></PFA>