<?xml version="1.0" encoding="UTF-8"?><PFA><SpecialEntity id="624187"><Associate id="625054" code="43" ex="No" /></SpecialEntity><SpecialEntity id="624197"><Associate id="817812" code="34" ex="Yes" /></SpecialEntity><SpecialEntity id="624252"><Associate id="624346" code="45" ex="No" /></SpecialEntity><SpecialEntity id="624261"><Associate id="308851" code="35" ex="No" /><Associate id="625053" code="35" ex="No" /><Associate id="625054" code="35" ex="No" /></SpecialEntity><SpecialEntity id="624264"><Associate id="624582" code="43" ex="No" /><Associate id="1070122" code="43" ex="No" /></SpecialEntity><SpecialEntity id="624270"><Associate id="624583" code="43" ex="No" /><Associate id="1076002" code="45" ex="No" /></SpecialEntity><SpecialEntity id="624271"><Associate id="296764" code="43" ex="No" /></SpecialEntity><SpecialEntity id="624272"><Associate id="296764" code="43" ex="No" /><Associate id="296766" code="43" ex="No" /></SpecialEntity><SpecialEntity id="624275"><Associate id="624583" code="43" ex="No" /><Associate id="1076002" code="45" ex="No" /></SpecialEntity><SpecialEntity id="624276"><Associate id="356984" code="35" ex="No" /><Associate id="624588" code="45" ex="No" /></SpecialEntity><SpecialEntity id="624280"><Associate id="624346" code="45" ex="No" /><Associate id="624582" code="35" ex="No" /><Associate id="1047836" code="43" ex="No" /><Associate id="2901149" code="43" ex="No" /></SpecialEntity><SpecialEntity id="624298"><Associate id="624588" code="45" ex="No" /></SpecialEntity><SpecialEntity id="624309"><Associate id="288320" code="35" ex="No" /><Associate id="370036" code="35" ex="No" /><Associate id="377428" code="35" ex="No" /></SpecialEntity><SpecialEntity id="624315"><Associate id="624346" code="45" ex="No" /></SpecialEntity><SpecialEntity id="624317"><Associate id="624346" code="45" ex="No" /><Associate id="2365864" code="34" ex="Yes" /><Associate id="2365866" code="34" ex="Yes" /></SpecialEntity><SpecialEntity id="624319"><Associate id="624346" code="45" ex="No" /></SpecialEntity><SpecialEntity id="624320"><Associate id="624346" code="45" ex="No" /><Associate id="1070122" code="45" ex="No" /></SpecialEntity><SpecialEntity id="624328"><Associate id="658176" code="43" ex="No" /><Associate id="1046768" code="45" ex="No" /></SpecialEntity><SpecialEntity id="624330"><Associate id="624588" code="45" ex="No" /></SpecialEntity><SpecialEntity id="624346"><Associate id="110225" code="35" ex="No" /><Associate id="624252" code="46" ex="No" /><Associate id="624280" code="46" ex="No" /><Associate id="624315" code="46" ex="No" /><Associate id="624317" code="46" ex="No" /><Associate id="624319" code="46" ex="No" /><Associate id="624320" code="46" ex="No" /><Associate id="624538" code="46" ex="No" /><Associate id="624582" code="46" ex="No" /><Associate id="624625" code="46" ex="No" /><Associate id="624642" code="46" ex="No" /><Associate id="624797" code="46" ex="No" /><Associate id="1047087" code="46" ex="No" /><Associate id="1048369" code="35" ex="No" /><Associate id="1070714" code="46" ex="No" /><Associate id="1112241" code="46" ex="No" /><Associate id="1112272" code="46" ex="No" /><Associate id="1132510" code="46" ex="No" /><Associate id="1518782" code="46" ex="No" /><Associate id="4692118" code="47" ex="No" /></SpecialEntity><SpecialEntity id="624365"><Associate id="624643" code="45" ex="No" /></SpecialEntity><SpecialEntity id="624373"><Associate id="658176" code="43" ex="No" /><Associate id="1046768" code="45" ex="No" /></SpecialEntity><SpecialEntity id="624375"><Associate id="624583" code="43" ex="No" /><Associate id="624760" code="47" ex="No" /><Associate id="1076002" code="45" ex="No" /><Associate id="1363005" code="47" ex="Yes" /><Associate id="1363013" code="47" ex="No" /><Associate id="1735576" code="47" ex="No" /><Associate id="1735647" code="47" ex="No" /><Associate id="1735653" code="47" ex="Yes" /><Associate id="1735654" code="47" ex="Yes" /><Associate id="1735656" code="47" ex="No" /><Associate id="1735658" code="47" ex="No" /><Associate id="1735660" code="47" ex="No" /><Associate id="1735685" code="47" ex="No" /><Associate id="4720166" code="47" ex="No" /><Associate id="4727338" code="47" ex="No" /><Associate id="4727604" code="47" ex="No" /><Associate id="4727998" code="47" ex="No" /><Associate id="4728006" code="47" ex="No" /><Associate id="4728018" code="47" ex="No" /><Associate id="4728024" code="47" ex="No" /><Associate id="4728034" code="47" ex="No" /><Associate id="4728036" code="47" ex="No" /><Associate id="4728041" code="47" ex="No" /><Associate id="4728046" code="47" ex="No" /><Associate id="4728051" code="47" ex="No" /><Associate id="4728055" code="47" ex="No" /><Associate id="4728058" code="47" ex="Yes" /><Associate id="4728060" code="47" ex="No" /><Associate id="4728068" code="47" ex="No" /><Associate id="4728077" code="47" ex="No" /><Associate id="4728082" code="47" ex="No" /><Associate id="4728087" code="47" ex="No" /><Associate id="4728154" code="47" ex="Yes" /><Associate id="4728158" code="47" ex="No" /><Associate id="4728163" code="47" ex="No" /><Associate id="4728212" code="47" ex="No" /><Associate id="4728234" code="47" ex="No" /><Associate id="4728275" code="47" ex="No" /><Associate id="4736708" code="47" ex="No" /><Associate id="4736796" code="47" ex="No" /><Associate id="4743844" code="47" ex="Yes" /><Associate id="4744689" code="47" ex="No" /><Associate id="4744707" code="47" ex="No" /><Associate id="4744762" code="47" ex="No" /><Associate id="4744778" code="47" ex="No" /><Associate id="4745052" code="47" ex="No" /><Associate id="4745062" code="47" ex="No" /><Associate id="4745094" code="47" ex="No" /><Associate id="4745190" code="47" ex="Yes" /><Associate id="4745242" code="47" ex="No" /><Associate id="4745363" code="47" ex="No" /><Associate id="4746103" code="47" ex="No" /><Associate id="4749956" code="47" ex="No" /><Associate id="4750024" code="47" ex="No" /><Associate id="11068259" code="47" ex="No" /></SpecialEntity><SpecialEntity id="624377"><Associate id="12365495" code="47" ex="No" /><Associate id="12365520" code="47" ex="Yes" /></SpecialEntity><SpecialEntity id="624386"><Associate id="359013" code="35" ex="No" /></SpecialEntity><SpecialEntity id="624387"><Associate id="1419979" code="45" ex="No" /><Associate id="1419980" code="47" ex="No" /></SpecialEntity><SpecialEntity id="624390"><Associate id="1439799" code="47" ex="Yes" /></SpecialEntity><SpecialEntity id="624395"><Associate id="624437" code="46" ex="Yes" /><Associate id="11060283" code="46" ex="No" /></SpecialEntity><SpecialEntity id="624396"><Associate id="305255" code="35" ex="No" /><Associate id="305283" code="35" ex="No" /></SpecialEntity><SpecialEntity id="624410"><Associate id="1421593" code="45" ex="No" /></SpecialEntity><SpecialEntity id="624437"><Associate id="624395" code="45" ex="Yes" /></SpecialEntity><SpecialEntity id="624440"><Associate id="308608" code="35" ex="No" /><Associate id="375418" code="35" ex="No" /></SpecialEntity><SpecialEntity id="624452"><Associate id="625065" code="35" ex="No" /></SpecialEntity><SpecialEntity id="624453"><Associate id="625053" code="35" ex="No" /></SpecialEntity><SpecialEntity id="624468"><Associate id="303420" code="35" ex="No" /><Associate id="373694" code="35" ex="No" /><Associate id="508466" code="34" ex="No" /><Associate id="818007" code="34" ex="Yes" /><Associate id="3010012" code="34" ex="No" /><Associate id="3010019" code="34" ex="No" /><Associate id="3010020" code="34" ex="Yes" /><Associate id="3010030" code="34" ex="Yes" /><Associate id="3010048" code="34" ex="Yes" /><Associate id="3010055" code="34" ex="Yes" /><Associate id="3010094" code="34" ex="Yes" /><Associate id="11172684" code="34" ex="Yes" /><Associate id="11628044" code="45" ex="No" /><Associate id="11944675" code="34" ex="No" /><Associate id="11944678" code="34" ex="No" /></SpecialEntity><SpecialEntity id="624469"><Associate id="624470" code="43" ex="No" /><Associate id="4718343" code="45" ex="No" /></SpecialEntity><SpecialEntity id="624470"><Associate id="624469" code="47" ex="No" /><Associate id="624796" code="47" ex="No" /><Associate id="624811" code="47" ex="No" /><Associate id="658176" code="45" ex="Yes" /><Associate id="658192" code="47" ex="No" /><Associate id="658194" code="47" ex="No" /><Associate id="4718343" code="45" ex="No" /><Associate id="4726725" code="47" ex="No" /><Associate id="4726791" code="47" ex="No" /><Associate id="4729120" code="47" ex="No" /><Associate id="4729718" code="47" ex="No" /><Associate id="4729749" code="47" ex="No" /></SpecialEntity><SpecialEntity id="624472"><Associate id="309887" code="35" ex="No" /></SpecialEntity><SpecialEntity id="624479"><Associate id="624483" code="43" ex="No" /><Associate id="624583" code="43" ex="No" /><Associate id="624638" code="47" ex="No" /><Associate id="1076002" code="43" ex="No" /><Associate id="1076643" code="47" ex="No" /><Associate id="1077032" code="45" ex="No" /></SpecialEntity><SpecialEntity id="624481"><Associate id="624483" code="43" ex="No" /><Associate id="624583" code="43" ex="No" /><Associate id="1076002" code="43" ex="No" /><Associate id="1077032" code="45" ex="No" /></SpecialEntity><SpecialEntity id="624483"><Associate id="624479" code="47" ex="No" /><Associate id="624481" code="47" ex="No" /><Associate id="624583" code="43" ex="No" /><Associate id="624638" code="47" ex="No" /><Associate id="624648" code="43" ex="No" /><Associate id="1076002" code="43" ex="No" /><Associate id="1076620" code="47" ex="No" /><Associate id="1076643" code="47" ex="No" /><Associate id="1076653" code="47" ex="Yes" /><Associate id="1076668" code="47" ex="Yes" /><Associate id="1077032" code="45" ex="No" /><Associate id="4728198" code="47" ex="No" /><Associate id="4735759" code="47" ex="Yes" /><Associate id="4735784" code="47" ex="Yes" /><Associate id="4735840" code="47" ex="Yes" /><Associate id="4736640" code="47" ex="Yes" /><Associate id="4736644" code="47" ex="Yes" /><Associate id="4736651" code="47" ex="Yes" /><Associate id="4736727" code="47" ex="Yes" /><Associate id="4736777" code="47" ex="Yes" /><Associate id="4744643" code="47" ex="Yes" /><Associate id="4744674" code="47" ex="Yes" /><Associate id="4744677" code="47" ex="Yes" /><Associate id="4744701" code="47" ex="Yes" /><Associate id="4744711" code="47" ex="Yes" /><Associate id="4744739" code="47" ex="Yes" /><Associate id="4744741" code="47" ex="Yes" /><Associate id="4744747" code="47" ex="Yes" /><Associate id="4744749" code="47" ex="Yes" /></SpecialEntity><SpecialEntity id="624484"><Associate id="625071" code="43" ex="No" /></SpecialEntity><SpecialEntity id="624521"><Associate id="1652978" code="34" ex="No" /><Associate id="1656369" code="34" ex="Yes" /><Associate id="3014940" code="34" ex="Yes" /><Associate id="4311496" code="34" ex="Yes" /><Associate id="11188574" code="34" ex="Yes" /><Associate id="12277223" code="34" ex="Yes" /><Associate id="12277474" code="34" ex="Yes" /><Associate id="12277481" code="34" ex="Yes" /><Associate id="12277489" code="34" ex="Yes" /><Associate id="12277529" code="34" ex="Yes" /></SpecialEntity><SpecialEntity id="624530"><Associate id="651741" code="34" ex="Yes" /><Associate id="683864" code="47" ex="No" /><Associate id="1636662" code="34" ex="Yes" /><Associate id="4531388" code="35" ex="No" /><Associate id="4538967" code="47" ex="Yes" /><Associate id="11024814" code="34" ex="Yes" /><Associate id="12430038" code="34" ex="No" /></SpecialEntity><SpecialEntity id="624538"><Associate id="624346" code="45" ex="No" /><Associate id="1085551" code="47" ex="No" /><Associate id="1804322" code="34" ex="Yes" /><Associate id="1804563" code="34" ex="Yes" /><Associate id="1804572" code="34" ex="No" /><Associate id="1804583" code="34" ex="Yes" /><Associate id="1804585" code="34" ex="No" /><Associate id="1804591" code="34" ex="Yes" /><Associate id="1804595" code="34" ex="Yes" /><Associate id="1804596" code="34" ex="No" /><Associate id="1804597" code="34" ex="Yes" /><Associate id="1804599" code="34" ex="No" /><Associate id="1804605" code="34" ex="Yes" /><Associate id="1804615" code="34" ex="Yes" /><Associate id="1804619" code="34" ex="Yes" /><Associate id="1804622" code="34" ex="Yes" /><Associate id="1804628" code="34" ex="Yes" /><Associate id="1804632" code="34" ex="Yes" /><Associate id="1804637" code="34" ex="Yes" /><Associate id="4706036" code="34" ex="No" /><Associate id="4706057" code="34" ex="Yes" /><Associate id="4706060" code="34" ex="No" /><Associate id="11395812" code="34" ex="No" /><Associate id="11395822" code="34" ex="No" /><Associate id="11395825" code="34" ex="No" /></SpecialEntity><SpecialEntity id="624546"><Associate id="624588" code="45" ex="Yes" /></SpecialEntity><SpecialEntity id="624549"><Associate id="624588" code="45" ex="No" /></SpecialEntity><SpecialEntity id="624572"><Associate id="624583" code="43" ex="No" /><Associate id="624604" code="46" ex="No" /><Associate id="1076002" code="43" ex="No" /><Associate id="4811397" code="47" ex="No" /></SpecialEntity><SpecialEntity id="624573"><Associate id="624917" code="35" ex="No" /></SpecialEntity><SpecialEntity id="624579"><Associate id="1076002" code="45" ex="Yes" /></SpecialEntity><SpecialEntity id="624581"><Associate id="624583" code="43" ex="No" /><Associate id="1066191" code="43" ex="No" /><Associate id="1075420" code="45" ex="No" /><Associate id="1075453" code="43" ex="No" /><Associate id="1076002" code="43" ex="No" /><Associate id="4531620" code="47" ex="No" /></SpecialEntity><SpecialEntity id="624582"><Associate id="110246" code="34" ex="Yes" /><Associate id="110269" code="34" ex="Yes" /><Associate id="309743" code="35" ex="Yes" /><Associate id="357741" code="34" ex="Yes" /><Associate id="624264" code="47" ex="No" /><Associate id="624280" code="35" ex="No" /><Associate id="624346" code="45" ex="No" /><Associate id="624642" code="35" ex="No" /><Associate id="624990" code="47" ex="Yes" /><Associate id="1049133" code="47" ex="No" /><Associate id="1052480" code="47" ex="No" /><Associate id="1077032" code="47" ex="No" /><Associate id="1085551" code="47" ex="No" /><Associate id="1132510" code="35" ex="No" /><Associate id="1792507" code="34" ex="No" /><Associate id="2372524" code="34" ex="Yes" /><Associate id="2873075" code="34" ex="Yes" /><Associate id="2895477" code="34" ex="Yes" /><Associate id="2895489" code="34" ex="Yes" /><Associate id="2895538" code="34" ex="Yes" /><Associate id="2895578" code="34" ex="Yes" /><Associate id="2895590" code="34" ex="Yes" /><Associate id="2895601" code="34" ex="Yes" /><Associate id="2895612" code="34" ex="Yes" /><Associate id="4346314" code="47" ex="No" /><Associate id="4800737" code="34" ex="No" /><Associate id="11503387" code="47" ex="No" /><Associate id="11846313" code="34" ex="No" /><Associate id="12462986" code="34" ex="No" /><Associate id="12464987" code="34" ex="No" /><Associate id="12465020" code="34" ex="No" /><Associate id="12465021" code="34" ex="No" /></SpecialEntity><SpecialEntity id="624583"><Associate id="110208" code="34" ex="Yes" /><Associate id="624270" code="47" ex="No" /><Associate id="624275" code="47" ex="No" /><Associate id="624375" code="47" ex="No" /><Associate id="624479" code="47" ex="No" /><Associate id="624481" code="47" ex="No" /><Associate id="624483" code="47" ex="No" /><Associate id="624572" code="47" ex="No" /><Associate id="624581" code="47" ex="No" /><Associate id="624585" code="47" ex="No" /><Associate id="624604" code="47" ex="No" /><Associate id="624608" code="47" ex="No" /><Associate id="624638" code="47" ex="No" /><Associate id="624648" code="47" ex="No" /><Associate id="624649" code="47" ex="No" /><Associate id="624656" code="47" ex="No" /><Associate id="624760" code="47" ex="No" /><Associate id="624768" code="47" ex="No" /><Associate id="624772" code="47" ex="Yes" /><Associate id="624990" code="47" ex="Yes" /><Associate id="625000" code="47" ex="No" /><Associate id="625001" code="47" ex="No" /><Associate id="1048421" code="47" ex="No" /><Associate id="1052374" code="47" ex="No" /><Associate id="1052415" code="47" ex="No" /><Associate id="1052425" code="47" ex="No" /><Associate id="1052426" code="47" ex="No" /><Associate id="1052429" code="47" ex="Yes" /><Associate id="1052430" code="47" ex="No" /><Associate id="1052452" code="47" ex="No" /><Associate id="1052481" code="47" ex="No" /><Associate id="1052523" code="47" ex="No" /><Associate id="1052896" code="47" ex="No" /><Associate id="1054733" code="47" ex="No" /><Associate id="1066299" code="47" ex="No" /><Associate id="1066479" code="47" ex="No" /><Associate id="1073928" code="47" ex="No" /><Associate id="1075420" code="47" ex="No" /><Associate id="1075424" code="47" ex="No" /><Associate id="1075430" code="47" ex="No" /><Associate id="1075446" code="47" ex="No" /><Associate id="1075449" code="47" ex="No" /><Associate id="1076002" code="43" ex="No" /><Associate id="1076643" code="47" ex="No" /><Associate id="1076701" code="47" ex="No" /><Associate id="1077001" code="47" ex="No" /><Associate id="1077032" code="47" ex="No" /><Associate id="1085521" code="47" ex="No" /><Associate id="1085530" code="47" ex="No" /><Associate id="1085532" code="47" ex="No" /><Associate id="1085541" code="47" ex="No" /><Associate id="1085542" code="47" ex="Yes" /><Associate id="1085547" code="47" ex="No" /><Associate id="1085551" code="47" ex="No" /><Associate id="1085556" code="47" ex="No" /><Associate id="1085648" code="47" ex="No" /><Associate id="1086428" code="47" ex="No" /><Associate id="1086504" code="47" ex="No" /><Associate id="1105294" code="47" ex="No" /><Associate id="1105783" code="47" ex="No" /><Associate id="1105808" code="47" ex="No" /><Associate id="1145743" code="47" ex="Yes" /><Associate id="1177149" code="47" ex="No" /><Associate id="1332110" code="47" ex="No" /><Associate id="1332121" code="47" ex="No" /><Associate id="1363005" code="47" ex="No" /><Associate id="1363013" code="47" ex="No" /><Associate id="1477686" code="47" ex="No" /><Associate id="1485431" code="34" ex="Yes" /><Associate id="1485434" code="34" ex="Yes" /><Associate id="1485587" code="47" ex="No" /><Associate id="1491377" code="47" ex="No" /><Associate id="1491391" code="47" ex="No" /><Associate id="1552571" code="47" ex="Yes" /><Associate id="1648144" code="47" ex="No" /><Associate id="1662277" code="47" ex="No" /><Associate id="1735535" code="47" ex="No" /><Associate id="1735546" code="47" ex="No" /><Associate id="1735562" code="47" ex="No" /><Associate id="1735576" code="47" ex="No" /><Associate id="1735628" code="47" ex="No" /><Associate id="1735632" code="47" ex="No" /><Associate id="1735636" code="47" ex="No" /><Associate id="1735647" code="47" ex="No" /><Associate id="1735650" code="47" ex="No" /><Associate id="1735653" code="47" ex="Yes" /><Associate id="1735654" code="47" ex="Yes" /><Associate id="1735656" code="47" ex="No" /><Associate id="1735658" code="47" ex="No" /><Associate id="1735660" code="47" ex="No" /><Associate id="1735671" code="47" ex="No" /><Associate id="1735685" code="47" ex="No" /><Associate id="1735763" code="47" ex="No" /><Associate id="1821889" code="34" ex="No" /><Associate id="2347091" code="47" ex="No" /><Associate id="2347216" code="47" ex="No" /><Associate id="3087882" code="34" ex="Yes" /><Associate id="3096976" code="47" ex="No" /><Associate id="3178526" code="47" ex="No" /><Associate id="3213662" code="47" ex="Yes" /><Associate id="4361136" code="47" ex="Yes" /><Associate id="4399111" code="47" ex="No" /><Associate id="4399129" code="47" ex="No" /><Associate id="4433212" code="47" ex="No" /><Associate id="4434286" code="47" ex="No" /><Associate id="4531620" code="47" ex="No" /><Associate id="4532467" code="47" ex="No" /><Associate id="4534946" code="47" ex="No" /><Associate id="4687437" code="47" ex="No" /><Associate id="4689934" code="47" ex="No" /><Associate id="4690111" code="47" ex="No" /><Associate id="4692908" code="47" ex="No" /><Associate id="4703281" code="47" ex="No" /><Associate id="4704836" code="47" ex="No" /><Associate id="4708620" code="47" ex="No" /><Associate id="4714450" code="47" ex="No" /><Associate id="4715024" code="47" ex="No" /><Associate id="4715127" code="47" ex="No" /><Associate id="4715135" code="47" ex="No" /><Associate id="4715261" code="47" ex="No" /><Associate id="4715685" code="47" ex="No" /><Associate id="4715694" code="47" ex="No" /><Associate id="4715727" code="47" ex="No" /><Associate id="4715741" code="47" ex="No" /><Associate id="4715778" code="47" ex="Yes" /><Associate id="4715817" code="47" ex="No" /><Associate id="4715844" code="47" ex="No" /><Associate id="4715884" code="47" ex="No" /><Associate id="4717338" code="47" ex="No" /><Associate id="4720166" code="47" ex="No" /><Associate id="4727338" code="47" ex="No" /><Associate id="4727604" code="47" ex="No" /><Associate id="4727998" code="47" ex="No" /><Associate id="4728006" code="47" ex="No" /><Associate id="4728018" code="47" ex="No" /><Associate id="4728024" code="47" ex="No" /><Associate id="4728034" code="47" ex="No" /><Associate id="4728036" code="47" ex="No" /><Associate id="4728041" code="47" ex="No" /><Associate id="4728046" code="47" ex="No" /><Associate id="4728051" code="47" ex="No" /><Associate id="4728055" code="47" ex="No" /><Associate id="4728058" code="47" ex="Yes" /><Associate id="4728060" code="47" ex="No" /><Associate id="4728068" code="47" ex="No" /><Associate id="4728077" code="47" ex="No" /><Associate id="4728082" code="47" ex="No" /><Associate id="4728087" code="47" ex="No" /><Associate id="4728154" code="47" ex="Yes" /><Associate id="4728158" code="47" ex="No" /><Associate id="4728163" code="47" ex="No" /><Associate id="4728198" code="47" ex="No" /><Associate id="4728212" code="47" ex="No" /><Associate id="4728234" code="47" ex="No" /><Associate id="4728275" code="47" ex="No" /><Associate id="4730010" code="47" ex="Yes" /><Associate id="4730171" code="47" ex="Yes" /><Associate id="4730324" code="47" ex="No" /><Associate id="4730352" code="47" ex="No" /><Associate id="4730378" code="47" ex="No" /><Associate id="4730395" code="47" ex="No" /><Associate id="4735760" code="47" ex="No" /><Associate id="4735784" code="47" ex="No" /><Associate id="4735869" code="47" ex="No" /><Associate id="4735921" code="47" ex="No" /><Associate id="4736644" code="47" ex="No" /><Associate id="4736708" code="47" ex="No" /><Associate id="4736710" code="47" ex="No" /><Associate id="4736730" code="47" ex="No" /><Associate id="4736796" code="47" ex="No" /><Associate id="4736798" code="47" ex="No" /><Associate id="4742927" code="47" ex="No" /><Associate id="4742947" code="47" ex="Yes" /><Associate id="4743639" code="47" ex="No" /><Associate id="4743689" code="47" ex="No" /><Associate id="4743732" code="47" ex="No" /><Associate id="4743844" code="47" ex="Yes" /><Associate id="4743926" code="47" ex="No" /><Associate id="4743956" code="47" ex="Yes" /><Associate id="4743973" code="47" ex="Yes" /><Associate id="4744456" code="47" ex="Yes" /><Associate id="4744464" code="47" ex="No" /><Associate id="4744472" code="47" ex="No" /><Associate id="4744490" code="47" ex="Yes" /><Associate id="4744689" code="47" ex="No" /><Associate id="4744696" code="47" ex="No" /><Associate id="4744707" code="47" ex="No" /><Associate id="4744762" code="47" ex="No" /><Associate id="4744778" code="47" ex="No" /><Associate id="4745052" code="47" ex="No" /><Associate id="4745062" code="47" ex="No" /><Associate id="4745094" code="47" ex="No" /><Associate id="4745161" code="47" ex="No" /><Associate id="4745190" code="47" ex="Yes" /><Associate id="4745242" code="47" ex="No" /><Associate id="4745363" code="47" ex="No" /><Associate id="4745404" code="47" ex="No" /><Associate id="4746103" code="47" ex="No" /><Associate id="4746145" code="47" ex="Yes" /><Associate id="4746364" code="47" ex="No" /><Associate id="4746680" code="47" ex="No" /><Associate id="4746743" code="47" ex="No" /><Associate id="4749884" code="47" ex="No" /><Associate id="4749895" code="47" ex="No" /><Associate id="4749956" code="47" ex="No" /><Associate id="4750024" code="47" ex="No" /><Associate id="4792125" code="47" ex="No" /><Associate id="4803767" code="47" ex="No" /><Associate id="4803803" code="47" ex="No" /><Associate id="4803828" code="47" ex="Yes" /><Associate id="4803855" code="47" ex="No" /><Associate id="4804612" code="47" ex="No" /><Associate id="4811128" code="47" ex="No" /><Associate id="4811397" code="47" ex="No" /><Associate id="4811516" code="47" ex="No" /><Associate id="4815717" code="47" ex="No" /><Associate id="4815752" code="47" ex="No" /><Associate id="4817775" code="47" ex="No" /><Associate id="4822796" code="47" ex="Yes" /><Associate id="4843818" code="47" ex="No" /><Associate id="11011708" code="47" ex="No" /><Associate id="11011758" code="47" ex="No" /><Associate id="11017876" code="47" ex="No" /><Associate id="11017890" code="47" ex="No" /><Associate id="11044988" code="47" ex="No" /><Associate id="11045145" code="47" ex="No" /><Associate id="11045264" code="47" ex="No" /><Associate id="11054414" code="47" ex="No" /><Associate id="11055356" code="47" ex="No" /><Associate id="11068259" code="47" ex="No" /><Associate id="11095076" code="47" ex="No" /><Associate id="11107632" code="47" ex="No" /><Associate id="11109304" code="47" ex="No" /><Associate id="11112947" code="47" ex="No" /><Associate id="11113052" code="47" ex="No" /><Associate id="11113521" code="47" ex="No" /><Associate id="11113546" code="47" ex="No" /><Associate id="11113548" code="47" ex="No" /><Associate id="11114520" code="47" ex="No" /><Associate id="11117606" code="47" ex="No" /><Associate id="11419121" code="47" ex="No" /><Associate id="11419278" code="47" ex="No" /><Associate id="11542280" code="47" ex="No" /><Associate id="11550552" code="47" ex="No" /><Associate id="11586067" code="46" ex="No" /><Associate id="11587028" code="47" ex="No" /><Associate id="11587068" code="47" ex="Yes" /><Associate id="11647277" code="47" ex="No" /><Associate id="11796854" code="47" ex="No" /><Associate id="11839506" code="47" ex="No" /><Associate id="11944984" code="47" ex="No" /><Associate id="12154205" code="47" ex="No" /><Associate id="12154295" code="47" ex="No" /><Associate id="12185028" code="47" ex="No" /><Associate id="12187206" code="47" ex="No" /><Associate id="12191438" code="47" ex="No" /><Associate id="12211074" code="34" ex="Yes" /><Associate id="12227635" code="34" ex="No" /><Associate id="12227645" code="34" ex="No" /><Associate id="12227647" code="34" ex="No" /><Associate id="12227659" code="34" ex="No" /><Associate id="12227678" code="34" ex="No" /><Associate id="12227944" code="34" ex="Yes" /><Associate id="12675535" code="34" ex="No" /><Associate id="12759949" code="47" ex="No" /><Associate id="12760107" code="47" ex="No" /><Associate id="12760159" code="47" ex="No" /><Associate id="12821777" code="47" ex="No" /></SpecialEntity><SpecialEntity id="624585"><Associate id="624583" code="43" ex="No" /><Associate id="624604" code="46" ex="Yes" /><Associate id="624608" code="47" ex="No" /><Associate id="625000" code="46" ex="No" /><Associate id="1076002" code="43" ex="No" /><Associate id="1086428" code="46" ex="No" /><Associate id="1086504" code="47" ex="No" /><Associate id="4730010" code="47" ex="Yes" /><Associate id="12126767" code="34" ex="No" /><Associate id="12656210" code="34" ex="No" /><Associate id="12656232" code="34" ex="No" /><Associate id="12659092" code="34" ex="No" /><Associate id="12659291" code="34" ex="No" /><Associate id="12659317" code="34" ex="No" /><Associate id="12659332" code="34" ex="No" /><Associate id="12662672" code="34" ex="No" /></SpecialEntity><SpecialEntity id="624588"><Associate id="110181" code="34" ex="Yes" /><Associate id="168930" code="34" ex="Yes" /><Associate id="607998" code="34" ex="No" /><Associate id="624276" code="46" ex="No" /><Associate id="624298" code="46" ex="No" /><Associate id="624330" code="46" ex="No" /><Associate id="624546" code="46" ex="Yes" /><Associate id="624549" code="46" ex="No" /><Associate id="624607" code="46" ex="No" /><Associate id="624702" code="46" ex="No" /><Associate id="624732" code="46" ex="No" /><Associate id="624820" code="46" ex="No" /><Associate id="624839" code="46" ex="No" /><Associate id="624990" code="47" ex="Yes" /><Associate id="624995" code="46" ex="No" /><Associate id="1077032" code="47" ex="No" /><Associate id="1105571" code="46" ex="No" /><Associate id="1105808" code="47" ex="No" /><Associate id="1188771" code="34" ex="Yes" /><Associate id="1365353" code="46" ex="No" /><Associate id="1365416" code="46" ex="No" /><Associate id="1474433" code="46" ex="No" /><Associate id="1474472" code="46" ex="No" /><Associate id="1474477" code="46" ex="No" /><Associate id="1474487" code="46" ex="No" /><Associate id="1482445" code="46" ex="No" /><Associate id="1482451" code="46" ex="No" /><Associate id="1491397" code="46" ex="No" /><Associate id="2323426" code="34" ex="Yes" /><Associate id="2364204" code="34" ex="No" /><Associate id="2364274" code="34" ex="Yes" /><Associate id="2364310" code="34" ex="No" /><Associate id="2364328" code="34" ex="Yes" /><Associate id="4284674" code="34" ex="Yes" /><Associate id="4459509" code="34" ex="Yes" /><Associate id="4459521" code="34" ex="No" /><Associate id="11670630" code="46" ex="No" /><Associate id="12454978" code="46" ex="No" /></SpecialEntity><SpecialEntity id="624600"><Associate id="307464" code="35" ex="No" /></SpecialEntity><SpecialEntity id="624604"><Associate id="624572" code="45" ex="No" /><Associate id="624583" code="43" ex="No" /><Associate id="624585" code="45" ex="Yes" /><Associate id="1047335" code="43" ex="Yes" /><Associate id="1076002" code="43" ex="No" /></SpecialEntity><SpecialEntity id="624607"><Associate id="624588" code="45" ex="No" /></SpecialEntity><SpecialEntity id="624608"><Associate id="624583" code="43" ex="No" /><Associate id="624585" code="43" ex="No" /><Associate id="1076002" code="43" ex="No" /></SpecialEntity><SpecialEntity id="624625"><Associate id="624346" code="45" ex="No" /><Associate id="1085551" code="47" ex="No" /><Associate id="2967611" code="34" ex="Yes" /><Associate id="4361529" code="34" ex="Yes" /><Associate id="11316007" code="34" ex="No" /><Associate id="11316011" code="34" ex="No" /><Associate id="11316021" code="34" ex="No" /><Associate id="11316024" code="34" ex="No" /><Associate id="11316027" code="34" ex="No" /><Associate id="11316041" code="34" ex="No" /><Associate id="11316057" code="34" ex="No" /><Associate id="11316064" code="34" ex="No" /><Associate id="11316127" code="34" ex="No" /><Associate id="11316130" code="34" ex="No" /><Associate id="11316132" code="34" ex="No" /><Associate id="11316136" code="34" ex="No" /><Associate id="11316141" code="34" ex="No" /><Associate id="11316144" code="34" ex="No" /><Associate id="11316145" code="34" ex="No" /><Associate id="11316161" code="34" ex="No" /><Associate id="11318412" code="34" ex="No" /><Associate id="11318416" code="34" ex="No" /><Associate id="11318422" code="34" ex="No" /><Associate id="11318425" code="34" ex="No" /><Associate id="11318432" code="34" ex="No" /><Associate id="11318438" code="34" ex="No" /><Associate id="11318440" code="34" ex="No" /><Associate id="11318445" code="34" ex="No" /><Associate id="11318447" code="34" ex="No" /><Associate id="11318451" code="34" ex="No" /><Associate id="11318454" code="34" ex="No" /><Associate id="11318458" code="34" ex="No" /><Associate id="11318463" code="34" ex="No" /><Associate id="11318470" code="34" ex="No" /><Associate id="11318476" code="34" ex="No" /><Associate id="11318477" code="34" ex="No" /><Associate id="11318481" code="34" ex="No" /></SpecialEntity><SpecialEntity id="624631"><Associate id="4683612" code="46" ex="Yes" /></SpecialEntity><SpecialEntity id="624633"><Associate id="625071" code="35" ex="No" /><Associate id="625072" code="35" ex="No" /></SpecialEntity><SpecialEntity id="624638"><Associate id="624479" code="43" ex="No" /><Associate id="624483" code="43" ex="No" /><Associate id="624583" code="43" ex="No" /><Associate id="624648" code="43" ex="No" /><Associate id="1076002" code="43" ex="No" /><Associate id="1077032" code="45" ex="No" /></SpecialEntity><SpecialEntity id="624642"><Associate id="624346" code="45" ex="No" /><Associate id="624582" code="35" ex="No" /></SpecialEntity><SpecialEntity id="624643"><Associate id="624365" code="46" ex="No" /></SpecialEntity><SpecialEntity id="624648"><Associate id="624483" code="47" ex="No" /><Associate id="624583" code="43" ex="No" /><Associate id="624638" code="47" ex="No" /><Associate id="624649" code="47" ex="No" /><Associate id="624768" code="47" ex="No" /><Associate id="624772" code="47" ex="Yes" /><Associate id="1076002" code="43" ex="No" /><Associate id="1076612" code="47" ex="Yes" /><Associate id="1076643" code="47" ex="No" /><Associate id="1076692" code="47" ex="Yes" /><Associate id="1076701" code="47" ex="No" /><Associate id="1076993" code="47" ex="Yes" /><Associate id="1077001" code="47" ex="No" /><Associate id="1077032" code="45" ex="No" /><Associate id="1085520" code="47" ex="Yes" /><Associate id="4735784" code="47" ex="No" /><Associate id="4736777" code="47" ex="Yes" /><Associate id="4744643" code="47" ex="Yes" /><Associate id="4744674" code="47" ex="Yes" /><Associate id="4744677" code="47" ex="Yes" /><Associate id="4746680" code="47" ex="No" /><Associate id="4749884" code="47" ex="No" /><Associate id="4749895" code="47" ex="No" /></SpecialEntity><SpecialEntity id="624649"><Associate id="624583" code="43" ex="No" /><Associate id="624648" code="43" ex="No" /><Associate id="624768" code="43" ex="No" /><Associate id="1076002" code="43" ex="No" /><Associate id="1077032" code="45" ex="No" /></SpecialEntity><SpecialEntity id="624656"><Associate id="624583" code="43" ex="No" /><Associate id="1076002" code="45" ex="No" /><Associate id="4532467" code="47" ex="No" /><Associate id="12185028" code="47" ex="No" /></SpecialEntity><SpecialEntity id="624676"><Associate id="1421593" code="45" ex="No" /></SpecialEntity><SpecialEntity id="624692"><Associate id="651744" code="34" ex="Yes" /><Associate id="1027806" code="34" ex="Yes" /><Associate id="1052317" code="47" ex="No" /><Associate id="4346165" code="47" ex="No" /><Associate id="4346314" code="47" ex="No" /><Associate id="4346361" code="47" ex="No" /><Associate id="4466145" code="47" ex="No" /><Associate id="4499036" code="47" ex="No" /><Associate id="4499040" code="47" ex="No" /><Associate id="4499131" code="47" ex="No" /><Associate id="4500090" code="47" ex="No" /><Associate id="4502304" code="47" ex="No" /><Associate id="4518189" code="47" ex="No" /><Associate id="4518311" code="47" ex="No" /><Associate id="4715810" code="34" ex="Yes" /><Associate id="4745204" code="34" ex="Yes" /><Associate id="4884007" code="34" ex="Yes" /><Associate id="12669234" code="34" ex="No" /><Associate id="12669328" code="34" ex="Yes" /><Associate id="12669357" code="34" ex="Yes" /></SpecialEntity><SpecialEntity id="624702"><Associate id="624588" code="45" ex="No" /></SpecialEntity><SpecialEntity id="624708"><Associate id="624723" code="43" ex="No" /></SpecialEntity><SpecialEntity id="624712"><Associate id="1039902" code="43" ex="No" /><Associate id="1075453" code="43" ex="No" /><Associate id="1085551" code="47" ex="No" /></SpecialEntity><SpecialEntity id="624717"><Associate id="1804619" code="34" ex="Yes" /><Associate id="2364221" code="34" ex="No" /><Associate id="2364288" code="34" ex="No" /><Associate id="2364303" code="34" ex="No" /><Associate id="2364309" code="34" ex="No" /><Associate id="2364311" code="34" ex="Yes" /><Associate id="2364323" code="34" ex="Yes" /><Associate id="2364332" code="34" ex="Yes" /><Associate id="2364346" code="34" ex="Yes" /><Associate id="2364355" code="34" ex="Yes" /></SpecialEntity><SpecialEntity id="624723"><Associate id="624708" code="47" ex="No" /></SpecialEntity><SpecialEntity id="624732"><Associate id="624588" code="45" ex="No" /></SpecialEntity><SpecialEntity id="624738"><Associate id="1065742" code="43" ex="No" /><Associate id="1066191" code="43" ex="No" /><Associate id="1076002" code="45" ex="No" /></SpecialEntity><SpecialEntity id="624742"><Associate id="1065742" code="43" ex="Yes" /><Associate id="1066191" code="43" ex="Yes" /><Associate id="1076002" code="45" ex="Yes" /></SpecialEntity><SpecialEntity id="624746"><Associate id="1054846" code="43" ex="No" /><Associate id="1066191" code="43" ex="No" /><Associate id="1076002" code="45" ex="No" /><Associate id="4674500" code="43" ex="No" /></SpecialEntity><SpecialEntity id="624751"><Associate id="1065742" code="45" ex="Yes" /></SpecialEntity><SpecialEntity id="624756"><Associate id="305255" code="35" ex="No" /><Associate id="305283" code="35" ex="No" /></SpecialEntity><SpecialEntity id="624760"><Associate id="624375" code="43" ex="No" /><Associate id="624583" code="43" ex="No" /><Associate id="1076002" code="45" ex="No" /></SpecialEntity><SpecialEntity id="624763"><Associate id="14288" code="35" ex="Yes" /><Associate id="292442" code="35" ex="Yes" /><Associate id="369894" code="35" ex="Yes" /><Associate id="624782" code="35" ex="Yes" /></SpecialEntity><SpecialEntity id="624768"><Associate id="624583" code="43" ex="No" /><Associate id="624648" code="43" ex="No" /><Associate id="624649" code="47" ex="No" /><Associate id="1076002" code="43" ex="No" /><Associate id="1076602" code="47" ex="No" /><Associate id="1077032" code="45" ex="No" /></SpecialEntity><SpecialEntity id="624772"><Associate id="624583" code="43" ex="Yes" /><Associate id="624648" code="43" ex="Yes" /><Associate id="1076002" code="43" ex="Yes" /><Associate id="1077032" code="45" ex="Yes" /><Associate id="4746680" code="47" ex="Yes" /></SpecialEntity><SpecialEntity id="624782"><Associate id="14288" code="35" ex="Yes" /><Associate id="292442" code="35" ex="Yes" /><Associate id="369894" code="35" ex="Yes" /><Associate id="624763" code="35" ex="Yes" /></SpecialEntity><SpecialEntity id="624789"><Associate id="356949" code="35" ex="No" /><Associate id="371145" code="35" ex="No" /></SpecialEntity><SpecialEntity id="624791"><Associate id="308851" code="35" ex="No" /></SpecialEntity><SpecialEntity id="624795"><Associate id="658176" code="43" ex="No" /><Associate id="1046768" code="45" ex="No" /></SpecialEntity><SpecialEntity id="624796"><Associate id="624470" code="43" ex="No" /><Associate id="4718343" code="45" ex="No" /></SpecialEntity><SpecialEntity id="624797"><Associate id="624346" code="45" ex="No" /></SpecialEntity><SpecialEntity id="624804"><Associate id="165150" code="34" ex="No" /><Associate id="165161" code="34" ex="No" /></SpecialEntity><SpecialEntity id="624811"><Associate id="624470" code="43" ex="No" /><Associate id="4718343" code="45" ex="No" /></SpecialEntity><SpecialEntity id="624820"><Associate id="624588" code="45" ex="No" /></SpecialEntity><SpecialEntity id="624824"><Associate id="791882" code="43" ex="No" /><Associate id="1075453" code="45" ex="No" /><Associate id="1085551" code="47" ex="No" /></SpecialEntity><SpecialEntity id="624839"><Associate id="624588" code="45" ex="No" /><Associate id="1046780" code="43" ex="No" /><Associate id="2365595" code="34" ex="No" /><Associate id="2365606" code="34" ex="No" /><Associate id="2365613" code="34" ex="No" /></SpecialEntity><SpecialEntity id="624855"><Associate id="1735562" code="47" ex="No" /></SpecialEntity><SpecialEntity id="624857"><Associate id="1476135" code="43" ex="No" /></SpecialEntity><SpecialEntity id="624863"><Associate id="110206" code="34" ex="Yes" /></SpecialEntity><SpecialEntity id="624870"><Associate id="624893" code="45" ex="No" /></SpecialEntity><SpecialEntity id="624893"><Associate id="624870" code="46" ex="No" /><Associate id="1366602" code="47" ex="No" /><Associate id="2364505" code="34" ex="Yes" /></SpecialEntity><SpecialEntity id="624899"><Associate id="635090" code="35" ex="Yes" /><Associate id="1075453" code="43" ex="No" /><Associate id="1476135" code="43" ex="Yes" /><Associate id="12114679" code="46" ex="No" /></SpecialEntity><SpecialEntity id="624903"><Associate id="110164" code="34" ex="Yes" /><Associate id="1046710" code="46" ex="Yes" /><Associate id="1087985" code="46" ex="No" /><Associate id="1087990" code="46" ex="Yes" /><Associate id="1727498" code="34" ex="Yes" /><Associate id="2364530" code="34" ex="Yes" /><Associate id="2365910" code="34" ex="Yes" /><Associate id="2860567" code="34" ex="No" /><Associate id="4455614" code="34" ex="Yes" /><Associate id="4682703" code="46" ex="No" /><Associate id="4682782" code="46" ex="No" /><Associate id="4744658" code="34" ex="Yes" /><Associate id="11208588" code="34" ex="Yes" /><Associate id="11315996" code="34" ex="Yes" /><Associate id="11315998" code="34" ex="Yes" /><Associate id="11315999" code="34" ex="Yes" /><Associate id="11316000" code="34" ex="Yes" /><Associate id="11796936" code="46" ex="No" /><Associate id="12640424" code="34" ex="No" /><Associate id="12640428" code="34" ex="No" /><Associate id="12640442" code="34" ex="No" /><Associate id="12640444" code="34" ex="No" /><Associate id="12640451" code="34" ex="No" /><Associate id="12640463" code="34" ex="No" /></SpecialEntity><SpecialEntity id="624917"><Associate id="624573" code="35" ex="No" /><Associate id="1075453" code="45" ex="No" /></SpecialEntity><SpecialEntity id="624920"><Associate id="624996" code="35" ex="No" /></SpecialEntity><SpecialEntity id="624986"><Associate id="377671" code="34" ex="Yes" /><Associate id="1204805" code="34" ex="Yes" /><Associate id="1204853" code="34" ex="Yes" /><Associate id="1204863" code="34" ex="Yes" /><Associate id="1205378" code="34" ex="Yes" /><Associate id="1205389" code="34" ex="Yes" /><Associate id="1205391" code="34" ex="Yes" /><Associate id="1205463" code="34" ex="Yes" /><Associate id="1205472" code="34" ex="Yes" /><Associate id="1205478" code="34" ex="Yes" /><Associate id="4354452" code="34" ex="Yes" /><Associate id="4354455" code="34" ex="Yes" /><Associate id="4354456" code="34" ex="Yes" /><Associate id="4354461" code="34" ex="Yes" /><Associate id="4354463" code="34" ex="Yes" /><Associate id="4354474" code="34" ex="Yes" /><Associate id="4537895" code="47" ex="No" /><Associate id="4745283" code="34" ex="No" /><Associate id="12669234" code="34" ex="No" /><Associate id="12669379" code="34" ex="No" /><Associate id="12669386" code="34" ex="No" /><Associate id="12669389" code="34" ex="No" /><Associate id="12669396" code="34" ex="No" /><Associate id="12669413" code="34" ex="No" /><Associate id="12669418" code="34" ex="No" /><Associate id="12669612" code="34" ex="Yes" /></SpecialEntity><SpecialEntity id="624987"><Associate id="356690" code="35" ex="No" /><Associate id="683774" code="47" ex="No" /><Associate id="683796" code="47" ex="No" /><Associate id="683821" code="47" ex="No" /><Associate id="683835" code="47" ex="No" /><Associate id="683842" code="47" ex="No" /><Associate id="683849" code="47" ex="No" /><Associate id="683864" code="47" ex="No" /><Associate id="1052309" code="47" ex="No" /><Associate id="1052321" code="47" ex="No" /><Associate id="1635092" code="34" ex="Yes" /><Associate id="2858785" code="34" ex="Yes" /><Associate id="2858800" code="34" ex="Yes" /><Associate id="2858802" code="34" ex="No" /><Associate id="2858818" code="34" ex="No" /><Associate id="2858829" code="34" ex="Yes" /><Associate id="2858854" code="34" ex="Yes" /><Associate id="2858864" code="34" ex="Yes" /><Associate id="2858871" code="34" ex="Yes" /><Associate id="2858875" code="34" ex="Yes" /><Associate id="4631342" code="34" ex="No" /><Associate id="4631375" code="34" ex="Yes" /><Associate id="4884007" code="34" ex="No" /><Associate id="4884019" code="34" ex="Yes" /><Associate id="12113199" code="34" ex="No" /><Associate id="12113217" code="34" ex="Yes" /><Associate id="12669629" code="34" ex="No" /><Associate id="12669691" code="34" ex="No" /><Associate id="12669695" code="34" ex="No" /><Associate id="12669698" code="34" ex="No" /></SpecialEntity><SpecialEntity id="624988"><Associate id="634627" code="35" ex="No" /><Associate id="651739" code="35" ex="No" /><Associate id="683774" code="47" ex="No" /><Associate id="1052309" code="47" ex="No" /><Associate id="1576954" code="34" ex="Yes" /><Associate id="1635092" code="34" ex="Yes" /><Associate id="1635113" code="34" ex="Yes" /><Associate id="1635123" code="34" ex="No" /><Associate id="1635133" code="34" ex="No" /><Associate id="1635136" code="34" ex="Yes" /><Associate id="1635139" code="34" ex="Yes" /><Associate id="1635144" code="34" ex="No" /><Associate id="1635160" code="34" ex="Yes" /><Associate id="1635163" code="34" ex="Yes" /><Associate id="2966018" code="34" ex="Yes" /><Associate id="2966025" code="34" ex="Yes" /><Associate id="3395006" code="34" ex="Yes" /><Associate id="3395009" code="34" ex="Yes" /><Associate id="3395011" code="34" ex="No" /><Associate id="3395012" code="34" ex="Yes" /><Associate id="3395013" code="34" ex="Yes" /><Associate id="3395014" code="34" ex="Yes" /><Associate id="4466116" code="47" ex="No" /><Associate id="4466145" code="47" ex="No" /><Associate id="4499036" code="47" ex="Yes" /><Associate id="4499040" code="47" ex="No" /><Associate id="4499131" code="47" ex="Yes" /><Associate id="4500090" code="47" ex="Yes" /><Associate id="4502304" code="47" ex="No" /><Associate id="4518311" code="47" ex="Yes" /><Associate id="4745283" code="34" ex="Yes" /><Associate id="11386089" code="34" ex="No" /><Associate id="11386529" code="34" ex="No" /><Associate id="11386555" code="34" ex="No" /><Associate id="11386560" code="34" ex="No" /></SpecialEntity><SpecialEntity id="624989"><Associate id="303684" code="35" ex="Yes" /><Associate id="369937" code="35" ex="Yes" /><Associate id="373841" code="35" ex="Yes" /><Associate id="4354528" code="34" ex="Yes" /><Associate id="11021754" code="34" ex="Yes" /><Associate id="12176351" code="34" ex="No" /></SpecialEntity><SpecialEntity id="624990"><Associate id="624582" code="43" ex="Yes" /><Associate id="624583" code="43" ex="Yes" /><Associate id="624588" code="43" ex="Yes" /><Associate id="1092708" code="34" ex="Yes" /></SpecialEntity><SpecialEntity id="624991"><Associate id="296796" code="35" ex="No" /><Associate id="677757" code="35" ex="No" /><Associate id="677766" code="35" ex="No" /><Associate id="677770" code="35" ex="No" /></SpecialEntity><SpecialEntity id="624995"><Associate id="624588" code="45" ex="No" /><Associate id="1509496" code="35" ex="No" /><Associate id="2365906" code="34" ex="No" /><Associate id="2365909" code="34" ex="Yes" /><Associate id="2365911" code="34" ex="Yes" /><Associate id="2365912" code="34" ex="Yes" /><Associate id="2365914" code="34" ex="No" /><Associate id="4433412" code="34" ex="No" /><Associate id="4433416" code="34" ex="No" /><Associate id="4433417" code="34" ex="No" /></SpecialEntity><SpecialEntity id="624996"><Associate id="624920" code="35" ex="No" /></SpecialEntity><SpecialEntity id="625000"><Associate id="624583" code="43" ex="No" /><Associate id="624585" code="45" ex="No" /><Associate id="1076002" code="43" ex="No" /></SpecialEntity></PFA>