<?xml version="1.0" encoding="UTF-8"?><PFA><CountryList><CountryName code="AARCT" name="Antarctica" IsTerritory="True" /><CountryName code="ABKHAZ" name="Abkhazia" IsTerritory="True" /><CountryName code="AFGH" name="Afghanistan" IsTerritory="False" ProfileURL="afghanistan.doc" /><CountryName code="ALB" name="Albania" IsTerritory="False" ProfileURL="albania.doc" /><CountryName code="ALG" name="Algeria" IsTerritory="False" ProfileURL="algeria.doc" /><CountryName code="AMSAM" name="American Samoa" IsTerritory="True" /><CountryName code="ANDO" name="Andorra" IsTerritory="False" ProfileURL="andorra.doc" /><CountryName code="ANGOL" name="Angola" IsTerritory="False" ProfileURL="angola.doc" /><CountryName code="ANGUIL" name="Anguilla" IsTerritory="True" /><CountryName code="ANTA" name="Antigua and Barbuda" IsTerritory="False" ProfileURL="antigua and barbuda.doc" /><CountryName code="ARG" name="Argentina" IsTerritory="False" ProfileURL="argentina.doc" /><CountryName code="ARMEN" name="Armenia" IsTerritory="False" ProfileURL="armenia.doc" /><CountryName code="ARUBA" name="Aruba" IsTerritory="True" /><CountryName code="AUST" name="Austria" IsTerritory="False" ProfileURL="austria.doc" /><CountryName code="AUSTR" name="Australia" IsTerritory="False" ProfileURL="australia.doc" /><CountryName code="AZERB" name="Azerbaijan" IsTerritory="False" ProfileURL="azerbaijan.doc" /><CountryName code="BAH" name="Bahamas" IsTerritory="False" ProfileURL="bahamas.doc" /><CountryName code="BAHRN" name="Bahrain" IsTerritory="False" ProfileURL="bahrain.doc" /><CountryName code="BANDH" name="Bangladesh" IsTerritory="False" ProfileURL="bangladesh.doc" /><CountryName code="BARB" name="Barbados" IsTerritory="False" ProfileURL="barbados.doc" /><CountryName code="BELG" name="Belgium" IsTerritory="False" ProfileURL="belgium.doc" /><CountryName code="BELZ" name="Belize" IsTerritory="False" ProfileURL="belize.doc" /><CountryName code="BENIN" name="Benin" IsTerritory="False" ProfileURL="benin.doc" /><CountryName code="BERM" name="Bermuda" IsTerritory="True" /><CountryName code="BHUTAN" name="Bhutan" IsTerritory="False" ProfileURL="bhutan.doc" /><CountryName code="BIOT" name="British Indian Ocean Territory" IsTerritory="True" /><CountryName code="BOL" name="Bolivia" IsTerritory="False" ProfileURL="bolivia.doc" /><CountryName code="BOTS" name="Botswana" IsTerritory="False" ProfileURL="botswana.doc" /><CountryName code="BOUV" name="Bouvet Island" IsTerritory="True" /><CountryName code="BRAZ" name="Brazil" IsTerritory="False" ProfileURL="brazil.doc" /><CountryName code="BRUNEI" name="Brunei" IsTerritory="False" ProfileURL="brunei.doc" /><CountryName code="BSHZG" name="Bosnia and Herzegovina" IsTerritory="False" ProfileURL="bosnia and herzegovina.doc" /><CountryName code="BUL" name="Bulgaria" IsTerritory="False" ProfileURL="bulgaria.doc" /><CountryName code="BURMA" name="Myanmar" IsTerritory="False" ProfileURL="myanmar.doc" /><CountryName code="BURUN" name="Burundi" IsTerritory="False" ProfileURL="burundi.doc" /><CountryName code="BVI" name="British Virgin Islands" IsTerritory="True" /><CountryName code="BYELRS" name="Belarus" IsTerritory="False" ProfileURL="belarus.doc" /><CountryName code="CAFR" name="Central African Republic" IsTerritory="False" ProfileURL="central african republic.doc" /><CountryName code="CAMER" name="Cameroon" IsTerritory="False" ProfileURL="cameroon.doc" /><CountryName code="CANA" name="Canada" IsTerritory="False" ProfileURL="canada.doc" /><CountryName code="CAYI" name="Cayman Islands" IsTerritory="True" /><CountryName code="CHAD" name="Chad" IsTerritory="False" ProfileURL="chad.doc" /><CountryName code="CHIL" name="Chile" IsTerritory="False" ProfileURL="chile.doc" /><CountryName code="CHINA" name="China" IsTerritory="False" ProfileURL="china.doc" /><CountryName code="CHR" name="Christmas Island" IsTerritory="True" /><CountryName code="COCOS" name="Cocos (Keeling) Islands" IsTerritory="True" /><CountryName code="COL" name="Colombia" IsTerritory="False" ProfileURL="colombia.doc" /><CountryName code="COMOR" name="Comoros" IsTerritory="False" ProfileURL="comoros.doc" /><CountryName code="CONGO" name="Congo Republic" IsTerritory="False" ProfileURL="congo republic.doc" /><CountryName code="COOKIS" name="Cook Islands" IsTerritory="True" /><CountryName code="COSR" name="Costa Rica" IsTerritory="False" ProfileURL="costa rica.doc" /><CountryName code="CRTIA" name="Croatia" IsTerritory="False" ProfileURL="croatia.doc" /><CountryName code="CUBA" name="Cuba" IsTerritory="False" ProfileURL="cuba.doc" /><CountryName code="CVI" name="Cape Verde" IsTerritory="False" ProfileURL="cape verde.doc" /><CountryName code="CYPR" name="Cyprus" IsTerritory="False" ProfileURL="cyprus.doc" /><CountryName code="CZREP" name="Czech Republic" IsTerritory="False" ProfileURL="czech republic.doc" /><CountryName code="DEN" name="Denmark" IsTerritory="False" ProfileURL="denmark.doc" /><CountryName code="DOMA" name="Dominica" IsTerritory="False" ProfileURL="dominica.doc" /><CountryName code="DOMR" name="Dominican Republic" IsTerritory="False" ProfileURL="dominican republic.doc" /><CountryName code="ECU" name="Ecuador" IsTerritory="False" ProfileURL="ecuador.doc" /><CountryName code="EGYPT" name="Egypt" IsTerritory="False" ProfileURL="egypt.doc" /><CountryName code="ELSAL" name="El Salvador" IsTerritory="False" ProfileURL="el salvador.doc" /><CountryName code="EQGNA" name="Equatorial Guinea" IsTerritory="False" ProfileURL="equatorial guinea.doc" /><CountryName code="ERTRA" name="Eritrea" IsTerritory="False" ProfileURL="eritrea.doc" /><CountryName code="ESTNIA" name="Estonia" IsTerritory="False" ProfileURL="estonia.doc" /><CountryName code="ETHPA" name="Ethiopia" IsTerritory="False" ProfileURL="ethiopia.doc" /><CountryName code="FAEROE" name="Faroe Islands" IsTerritory="True" /><CountryName code="FALK" name="Falkland Islands" IsTerritory="True" /><CountryName code="FESMIC" name="Micronesia" IsTerritory="False" ProfileURL="micronesia.doc" /><CountryName code="FGNA" name="French Guiana" IsTerritory="True" /><CountryName code="FIJI" name="Fiji" IsTerritory="False" ProfileURL="fiji.doc" /><CountryName code="FIN" name="Finland" IsTerritory="False" ProfileURL="finland.doc" /><CountryName code="FPOLY" name="French Polynesia" IsTerritory="True" /><CountryName code="FRA" name="France" IsTerritory="False" ProfileURL="france.doc" /><CountryName code="GABON" name="Gabon" IsTerritory="False" ProfileURL="gabon.doc" /><CountryName code="GAMB" name="Gambia" IsTerritory="False" ProfileURL="gambia.doc" /><CountryName code="GFR" name="Germany" IsTerritory="False" ProfileURL="germany.doc" /><CountryName code="GHANA" name="Ghana" IsTerritory="False" ProfileURL="ghana.doc" /><CountryName code="GIB" name="Gibraltar" IsTerritory="True" /><CountryName code="GREECE" name="Greece" IsTerritory="False" ProfileURL="greece.doc" /><CountryName code="GREENL" name="Greenland" IsTerritory="True" /><CountryName code="GREN" name="Grenada" IsTerritory="False" ProfileURL="grenada.doc" /><CountryName code="GRGIA" name="Georgia" IsTerritory="False" ProfileURL="georgia.doc" /><CountryName code="GUAD" name="Guadeloupe" IsTerritory="True" /><CountryName code="GUAM" name="Guam" IsTerritory="True" /><CountryName code="GUAT" name="Guatemala" IsTerritory="False" ProfileURL="guatemala.doc" /><CountryName code="GUBI" name="Guinea-Bissau" IsTerritory="False" ProfileURL="guinea-bissau.doc" /><CountryName code="GUERN" name="Guernsey" IsTerritory="True" /><CountryName code="GUREP" name="Guinea" IsTerritory="False" ProfileURL="guinea.doc" /><CountryName code="GUY" name="Guyana" IsTerritory="False" ProfileURL="guyana.doc" /><CountryName code="HAIT" name="Haiti" IsTerritory="False" ProfileURL="haiti.doc" /><CountryName code="HEARD" name="Heard and McDonald Islands" IsTerritory="True" /><CountryName code="HKONG" name="Hong Kong" IsTerritory="True" /><CountryName code="HON" name="Honduras" IsTerritory="False" ProfileURL="honduras.doc" /><CountryName code="HUNG" name="Hungary" IsTerritory="False" ProfileURL="hungary.doc" /><CountryName code="ICEL" name="Iceland" IsTerritory="False" ProfileURL="iceland.doc" /><CountryName code="ICST" name="Cote d'Ivoire" IsTerritory="False" ProfileURL="cote d'ivoire.doc" /><CountryName code="INDIA" name="India" IsTerritory="False" ProfileURL="india.doc" /><CountryName code="INDON" name="Indonesia" IsTerritory="False" ProfileURL="indonesia.doc" /><CountryName code="INTERNATIONAL" name="International" IsTerritory="False" /><CountryName code="IRAN" name="Iran" IsTerritory="False" ProfileURL="iran.doc" /><CountryName code="IRAQ" name="Iraq" IsTerritory="False" ProfileURL="iraq.doc" /><CountryName code="IRE" name="Ireland" IsTerritory="False" ProfileURL="ireland.doc" /><CountryName code="ISLEOM" name="Isle of Man" IsTerritory="True" /><CountryName code="ISRAEL" name="Israel" IsTerritory="False" ProfileURL="israel.doc" /><CountryName code="ITALY" name="Italy" IsTerritory="False" ProfileURL="italy.doc" /><CountryName code="JAMA" name="Jamaica" IsTerritory="False" ProfileURL="jamaica.doc" /><CountryName code="JAP" name="Japan" IsTerritory="False" ProfileURL="japan.doc" /><CountryName code="JERSEY" name="Jersey" IsTerritory="True" /><CountryName code="JORDAN" name="Jordan" IsTerritory="False" ProfileURL="jordan.doc" /><CountryName code="KAMPA" name="Cambodia" IsTerritory="False" ProfileURL="cambodia.doc" /><CountryName code="KAZK" name="Kazakhstan" IsTerritory="False" ProfileURL="kazakhstan.doc" /><CountryName code="KENYA" name="Kenya" IsTerritory="False" ProfileURL="kenya.doc" /><CountryName code="KIRB" name="Kiribati" IsTerritory="False" ProfileURL="kiribati.doc" /><CountryName code="KIRGH" name="Kyrgyzstan" IsTerritory="False" ProfileURL="kyrgyzstan.doc" /><CountryName code="KOSOVO" name="Kosovo" IsTerritory="False" ProfileURL="kosovo.doc" /><CountryName code="KUWAIT" name="Kuwait" IsTerritory="False" ProfileURL="kuwait.doc" /><CountryName code="LAOS" name="Laos" IsTerritory="False" ProfileURL="laos.doc" /><CountryName code="LATV" name="Latvia" IsTerritory="False" ProfileURL="latvia.doc" /><CountryName code="LEBAN" name="Lebanon" IsTerritory="False" ProfileURL="lebanon.doc" /><CountryName code="LESOT" name="Lesotho" IsTerritory="False" ProfileURL="lesotho.doc" /><CountryName code="LIBER" name="Liberia" IsTerritory="False" ProfileURL="liberia.doc" /><CountryName code="LIBYA" name="Libya" IsTerritory="False" ProfileURL="libya.doc" /><CountryName code="LIECHT" name="Liechtenstein" IsTerritory="False" ProfileURL="liechtenstein.doc" /><CountryName code="LITH" name="Lithuania" IsTerritory="False" ProfileURL="lithuania.doc" /><CountryName code="LUX" name="Luxembourg" IsTerritory="False" ProfileURL="luxembourg.doc" /><CountryName code="MACAO" name="Macau" IsTerritory="True" /><CountryName code="MAH" name="Marshall Islands" IsTerritory="False" ProfileURL="marshall islands.doc" /><CountryName code="MALAG" name="Madagascar" IsTerritory="False" ProfileURL="madagascar.doc" /><CountryName code="MALAW" name="Malawi" IsTerritory="False" ProfileURL="malawi.doc" /><CountryName code="MALAY" name="Malaysia" IsTerritory="False" ProfileURL="malaysia.doc" /><CountryName code="MALDR" name="Maldives" IsTerritory="False" ProfileURL="maldives.doc" /><CountryName code="MALI" name="Mali" IsTerritory="False" ProfileURL="mali.doc" /><CountryName code="MALTA" name="Malta" IsTerritory="False" ProfileURL="malta.doc" /><CountryName code="MARQ" name="Martinique" IsTerritory="True" /><CountryName code="MAURTN" name="Mauritania" IsTerritory="False" ProfileURL="mauritania.doc" /><CountryName code="MAURTS" name="Mauritius" IsTerritory="False" ProfileURL="mauritius.doc" /><CountryName code="MAYOT" name="Mayotte" IsTerritory="True" /><CountryName code="MCDNIA" name="North Macedonia" IsTerritory="False" ProfileURL="macedonia.doc" /><CountryName code="MEX" name="Mexico" IsTerritory="False" ProfileURL="mexico.doc" /><CountryName code="MNTNG" name="Montenegro" IsTerritory="False" ProfileURL="montenegro.doc" /><CountryName code="MOLDV" name="Moldova" IsTerritory="False" ProfileURL="moldova.doc" /><CountryName code="MONAC" name="Monaco" IsTerritory="False" ProfileURL="monaco.doc" /><CountryName code="MONGLA" name="Mongolia" IsTerritory="False" ProfileURL="mongolia.doc" /><CountryName code="MONT" name="Montserrat" IsTerritory="True" /><CountryName code="MOROC" name="Morocco" IsTerritory="False" ProfileURL="morocco.doc" /><CountryName code="MOZAM" name="Mozambique" IsTerritory="False" ProfileURL="mozambique.doc" /><CountryName code="NAMIB" name="Namibia" IsTerritory="False" ProfileURL="namibia.doc" /><CountryName code="NANT" name="Curaçao" IsTerritory="True" /><CountryName code="NAURU" name="Nauru" IsTerritory="False" ProfileURL="nauru.doc" /><CountryName code="NEPAL" name="Nepal" IsTerritory="False" ProfileURL="nepal.doc" /><CountryName code="NETH" name="Netherlands" IsTerritory="False" ProfileURL="netherlands.doc" /><CountryName code="NEWCAL" name="New Caledonia" IsTerritory="True" /><CountryName code="NICG" name="Nicaragua" IsTerritory="False" ProfileURL="nicaragua.doc" /><CountryName code="NIGEA" name="Nigeria" IsTerritory="False" ProfileURL="nigeria.doc" /><CountryName code="NIGER" name="Niger" IsTerritory="False" ProfileURL="niger.doc" /><CountryName code="NIUE" name="Niue" IsTerritory="True" /><CountryName code="NKOREA" name="North Korea" IsTerritory="False" ProfileURL="north korea.doc" /><CountryName code="NOMARI" name="Northern Mariana Islands" IsTerritory="True" /><CountryName code="NONE" name="None" IsTerritory="False" /><CountryName code="NORFIS" name="Norfolk Island" IsTerritory="True" /><CountryName code="NORW" name="Norway" IsTerritory="False" ProfileURL="norway.doc" /><CountryName code="NOTK" name="Not Known" IsTerritory="False" /><CountryName code="NZ" name="New Zealand" IsTerritory="False" ProfileURL="new zealand.doc" /><CountryName code="OMAN" name="Oman" IsTerritory="False" ProfileURL="oman.doc" /><CountryName code="PAKIS" name="Pakistan" IsTerritory="False" ProfileURL="pakistan.doc" /><CountryName code="PALAU" name="Palau" IsTerritory="False" ProfileURL="palau.doc" /><CountryName code="PALEST" name="Palestine" IsTerritory="False" ProfileURL="palestine.doc" /><CountryName code="PANA" name="Panama" IsTerritory="False" ProfileURL="panama.doc" /><CountryName code="PAPNG" name="Papua New Guinea" IsTerritory="False" ProfileURL="papua new guinea.doc" /><CountryName code="PARA" name="Paraguay" IsTerritory="False" ProfileURL="paraguay.doc" /><CountryName code="PERU" name="Peru" IsTerritory="False" ProfileURL="peru.doc" /><CountryName code="PHLNS" name="Philippines" IsTerritory="False" ProfileURL="philippines.doc" /><CountryName code="PITCIS" name="Pitcairn" IsTerritory="True" /><CountryName code="POL" name="Poland" IsTerritory="False" ProfileURL="poland.doc" /><CountryName code="PORL" name="Portugal" IsTerritory="False" ProfileURL="portugal.doc" /><CountryName code="PST" name="Sao Tome and Principe" IsTerritory="False" ProfileURL="sao tome and principe.doc" /><CountryName code="PURI" name="Puerto Rico" IsTerritory="True" /><CountryName code="QATAR" name="Qatar" IsTerritory="False" ProfileURL="qatar.doc" /><CountryName code="REUNI" name="Reunion" IsTerritory="True" /><CountryName code="ROM" name="Romania" IsTerritory="False" ProfileURL="romania.doc" /><CountryName code="RUSS" name="Russia" IsTerritory="False" ProfileURL="russia.doc" /><CountryName code="RWANDA" name="Rwanda" IsTerritory="False" ProfileURL="rwanda.doc" /><CountryName code="SAARAB" name="Saudi Arabia" IsTerritory="False" ProfileURL="saudi arabia.doc" /><CountryName code="SAFR" name="South Africa" IsTerritory="False" ProfileURL="south africa.doc" /><CountryName code="SBRTHY" name="Saint Barthélemy" IsTerritory="True" /><CountryName code="SENEG" name="Senegal" IsTerritory="False" ProfileURL="senegal.doc" /><CountryName code="SEYCH" name="Seychelles" IsTerritory="False" ProfileURL="seychelles.doc" /><CountryName code="SGSSI" name="South Georgia and South Sandwich Islands" IsTerritory="True" /><CountryName code="SILEN" name="Sierra Leone" IsTerritory="False" ProfileURL="sierra leone.doc" /><CountryName code="SINGP" name="Singapore" IsTerritory="False" ProfileURL="singapore.doc" /><CountryName code="SINTMA" name="St. Maarten" IsTerritory="True" /><CountryName code="SKIT" name="St. Kitts and Nevis" IsTerritory="False" ProfileURL="st. kitts and nevis.doc" /><CountryName code="SKOREA" name="South Korea" IsTerritory="False" ProfileURL="south korea.doc" /><CountryName code="SLUC" name="Saint Lucia" IsTerritory="False" ProfileURL="saint lucia.doc" /><CountryName code="SLVAK" name="Slovakia" IsTerritory="False" ProfileURL="slovakia.doc" /><CountryName code="SLVNIA" name="Slovenia" IsTerritory="False" ProfileURL="slovenia.doc" /><CountryName code="SMARNO" name="San Marino" IsTerritory="False" ProfileURL="san marino.doc" /><CountryName code="SOLIL" name="Solomon Islands" IsTerritory="False" ProfileURL="solomon islands.doc" /><CountryName code="SOMAL" name="Somalia" IsTerritory="False" ProfileURL="somalia.doc" /><CountryName code="SOSSRT" name="South Ossetia" IsTerritory="True" /><CountryName code="SOUSUD" name="South Sudan" IsTerritory="False" ProfileURL="south sudan.doc" /><CountryName code="SPAIN" name="Spain" IsTerritory="False" ProfileURL="spain.doc" /><CountryName code="SPSAH" name="Western Sahara" IsTerritory="True" ProfileURL="western sahara.doc" /><CountryName code="SRILAN" name="Sri Lanka" IsTerritory="False" ProfileURL="sri lanka.doc" /><CountryName code="STHEL" name="St. Helena" IsTerritory="True" /><CountryName code="STMART" name="St. Martin" IsTerritory="True" /><CountryName code="STPM" name="St. Pierre and Miquelon" IsTerritory="True" /><CountryName code="SUDAN" name="Sudan" IsTerritory="False" ProfileURL="sudan.doc" /><CountryName code="SURM" name="Suriname" IsTerritory="False" ProfileURL="suriname.doc" /><CountryName code="SVALB" name="Svalbard and Jan Mayen Islands" IsTerritory="True" /><CountryName code="SVIN" name="St. Vincent and the Grenadines" IsTerritory="False" ProfileURL="st. vincent and the grenadines.doc" /><CountryName code="SWAZD" name="Eswatini" IsTerritory="False" ProfileURL="swaziland.doc" /><CountryName code="SWED" name="Sweden" IsTerritory="False" ProfileURL="sweden.doc" /><CountryName code="SWITZ" name="Switzerland" IsTerritory="False" ProfileURL="switzerland.doc" /><CountryName code="SYRIA" name="Syria" IsTerritory="False" ProfileURL="syria.doc" /><CountryName code="TADZK" name="Tajikistan" IsTerritory="False" ProfileURL="tajikistan.doc" /><CountryName code="TAI" name="Djibouti" IsTerritory="False" ProfileURL="djibouti.doc" /><CountryName code="TAIWAN" name="Taiwan" IsTerritory="False" ProfileURL="taiwan.doc" /><CountryName code="TANZA" name="Tanzania" IsTerritory="False" ProfileURL="tanzania.doc" /><CountryName code="TCAI" name="Turks and Caicos Islands" IsTerritory="True" /><CountryName code="THAIL" name="Thailand" IsTerritory="False" ProfileURL="thailand.doc" /><CountryName code="TIMOR" name="Timor Leste" IsTerritory="False" ProfileURL="timor leste.doc" /><CountryName code="TOGO" name="Togo" IsTerritory="False" ProfileURL="togo.doc" /><CountryName code="TOKLAU" name="Tokelau" IsTerritory="True" /><CountryName code="TONGA" name="Tonga" IsTerritory="False" ProfileURL="tonga.doc" /><CountryName code="TRTO" name="Trinidad and Tobago" IsTerritory="False" ProfileURL="trinidad and tobago.doc" /><CountryName code="TUNIS" name="Tunisia" IsTerritory="False" ProfileURL="tunisia.doc" /><CountryName code="TURK" name="Turkey" IsTerritory="False" ProfileURL="turkey.doc" /><CountryName code="TURKM" name="Turkmenistan" IsTerritory="False" ProfileURL="turkmenistan.doc" /><CountryName code="TURNC" name="Turkish Republic of Northern Cyprus" IsTerritory="True" /><CountryName code="TVLU" name="Tuvalu" IsTerritory="False" ProfileURL="tuvalu.doc" /><CountryName code="UAE" name="United Arab Emirates" IsTerritory="False" ProfileURL="united arab emirates.doc" /><CountryName code="UGANDA" name="Uganda" IsTerritory="False" ProfileURL="uganda.doc" /><CountryName code="UK" name="United Kingdom" IsTerritory="False" ProfileURL="united kingdom.doc" /><CountryName code="UKRN" name="Ukraine" IsTerritory="False" ProfileURL="ukraine.doc" /><CountryName code="UPVOLA" name="Burkina Faso" IsTerritory="False" ProfileURL="burkina faso.doc" /><CountryName code="URU" name="Uruguay" IsTerritory="False" ProfileURL="uruguay.doc" /><CountryName code="USA" name="United States" IsTerritory="False" ProfileURL="united states.doc" /><CountryName code="UZBK" name="Uzbekistan" IsTerritory="False" ProfileURL="uzbekistan.doc" /><CountryName code="VANU" name="Vanuatu" IsTerritory="False" ProfileURL="vanuatu.doc" /><CountryName code="VCAN" name="Vatican City" IsTerritory="False" ProfileURL="vatican city.doc" /><CountryName code="VEN" name="Venezuela" IsTerritory="False" ProfileURL="venezuela.doc" /><CountryName code="VI" name="U.S. Virgin Islands" IsTerritory="True" /><CountryName code="VIETN" name="Vietnam" IsTerritory="False" ProfileURL="vietnam.doc" /><CountryName code="WALLIS" name="Wallis and Futuna Islands" IsTerritory="True" /><CountryName code="WSOMOA" name="Samoa" IsTerritory="False" ProfileURL="samoa.doc" /><CountryName code="YEMAR" name="Yemen" IsTerritory="False" ProfileURL="yemen.doc" /><CountryName code="YUG" name="Serbia" IsTerritory="False" ProfileURL="serbia.doc" /><CountryName code="ZAIRE" name="Democratic Republic of the Congo" IsTerritory="False" ProfileURL="democratic republic of the congo.doc" /><CountryName code="ZAMBIA" name="Zambia" IsTerritory="False" ProfileURL="zambia.doc" /><CountryName code="ZIMBAB" name="Zimbabwe" IsTerritory="False" ProfileURL="zimbabwe.doc" /></CountryList></PFA>