<?xml version="1.0" encoding="UTF-8"?><PFA><Description3List><Description3Name Description3Id="1" Description2Id="3">Ship</Description3Name><Description3Name Description3Id="2" Description2Id="3">Company</Description3Name><Description3Name Description3Id="3" Description2Id="3">Bank</Description3Name><Description3Name Description3Id="4" Description2Id="3">Government Entity</Description3Name><Description3Name Description3Id="5" Description2Id="3">State Owned Company</Description3Name><Description3Name Description3Id="6" Description2Id="3">Charity</Description3Name><Description3Name Description3Id="7" Description2Id="3">Criminal/Terrorist</Description3Name><Description3Name Description3Id="8" Description2Id="3">Religious Sect</Description3Name><Description3Name Description3Id="9" Description2Id="3">Country</Description3Name><Description3Name Description3Id="10" Description2Id="4">Ship</Description3Name><Description3Name Description3Id="11" Description2Id="4">Company</Description3Name><Description3Name Description3Id="12" Description2Id="4">Bank</Description3Name><Description3Name Description3Id="13" Description2Id="4">Government Entity</Description3Name><Description3Name Description3Id="14" Description2Id="4">State Owned Company</Description3Name><Description3Name Description3Id="15" Description2Id="4">Charity</Description3Name><Description3Name Description3Id="16" Description2Id="4">Criminal/Terrorist</Description3Name><Description3Name Description3Id="17" Description2Id="4">Religious Sect</Description3Name><Description3Name Description3Id="18" Description2Id="4">Country</Description3Name><Description3Name Description3Id="28" Description2Id="21">Stimulants Control Act Violation</Description3Name><Description3Name Description3Id="29" Description2Id="21">Battery or Assault</Description3Name><Description3Name Description3Id="30" Description2Id="21">Larceny</Description3Name><Description3Name Description3Id="31" Description2Id="21">Robbery</Description3Name><Description3Name Description3Id="32" Description2Id="21">Extortion</Description3Name><Description3Name Description3Id="33" Description2Id="21">Fraud</Description3Name><Description3Name Description3Id="34" Description2Id="21">Gambling</Description3Name><Description3Name Description3Id="35" Description2Id="21">Bookmaking</Description3Name><Description3Name Description3Id="36" Description2Id="21">Intimidation</Description3Name><Description3Name Description3Id="37" Description2Id="21">Prostitution</Description3Name><Description3Name Description3Id="38" Description2Id="21">Possession of gun or knife</Description3Name><Description3Name Description3Id="39" Description2Id="21">Sarin and Similar Substances Act Violation</Description3Name><Description3Name Description3Id="40" Description2Id="21">Unfair Competition</Description3Name><Description3Name Description3Id="41" Description2Id="21">Murder or Manslaughter</Description3Name><Description3Name Description3Id="42" Description2Id="21">Illegal arrest and confinement</Description3Name><Description3Name Description3Id="43" Description2Id="21">Kidnapping</Description3Name><Description3Name Description3Id="44" Description2Id="21">Defamation</Description3Name><Description3Name Description3Id="45" Description2Id="21">Business Obstruction</Description3Name><Description3Name Description3Id="46" Description2Id="21">Other</Description3Name><Description3Name Description3Id="47" Description2Id="23">Ship</Description3Name><Description3Name Description3Id="48" Description2Id="10">Corruption</Description3Name><Description3Name Description3Id="49" Description2Id="3">Aircraft</Description3Name><Description3Name Description3Id="50" Description2Id="4">Aircraft</Description3Name><Description3Name Description3Id="51" Description2Id="23">Aircraft</Description3Name><Description3Name Description3Id="52" Description2Id="27">Regulatory Issues</Description3Name><Description3Name Description3Id="53" Description2Id="27">Sanctions</Description3Name><Description3Name Description3Id="54" Description2Id="27">Corruption Issues</Description3Name><Description3Name Description3Id="55" Description2Id="27">Fraud Issues</Description3Name><Description3Name Description3Id="56" Description2Id="27">Ship</Description3Name><Description3Name Description3Id="57" Description2Id="27">Aircraft</Description3Name><Description3Name Description3Id="58" Description2Id="28">Anti-Competitive Issues</Description3Name><Description3Name Description3Id="59" Description2Id="28">Association Risk</Description3Name><Description3Name Description3Id="60" Description2Id="28">Information Rights/Copyright/Patent Issues</Description3Name><Description3Name Description3Id="61" Description2Id="28">Financial Difficulty</Description3Name><Description3Name Description3Id="62" Description2Id="28">Management Issues</Description3Name><Description3Name Description3Id="63" Description2Id="28">Ownership Issues</Description3Name><Description3Name Description3Id="64" Description2Id="28">Ship</Description3Name><Description3Name Description3Id="65" Description2Id="28">Aircraft</Description3Name><Description3Name Description3Id="66" Description2Id="29">Environmental Issues</Description3Name><Description3Name Description3Id="67" Description2Id="29">Product/Service Issues</Description3Name><Description3Name Description3Id="68" Description2Id="29">Production/Supply Chain Issues</Description3Name><Description3Name Description3Id="69" Description2Id="29">Ship</Description3Name><Description3Name Description3Id="70" Description2Id="29">Aircraft</Description3Name><Description3Name Description3Id="71" Description2Id="30">Discrimination/Workforce Rights Issues</Description3Name><Description3Name Description3Id="72" Description2Id="30">Human Rights Issues</Description3Name><Description3Name Description3Id="73" Description2Id="30">Workforce Disputes</Description3Name><Description3Name Description3Id="74" Description2Id="30">Workplace Health/Safety Issues</Description3Name><Description3Name Description3Id="75" Description2Id="30">Ship</Description3Name><Description3Name Description3Id="76" Description2Id="30">Aircraft</Description3Name><Description3Name Description3Id="77" Description2Id="23">State Owned Company</Description3Name><Description3Name Description3Id="78" Description2Id="23">Bank</Description3Name><Description3Name Description3Id="79" Description2Id="10">Lower Threshold</Description3Name><Description3Name Description3Id="80" Description2Id="8">Lower Threshold</Description3Name><Description3Name Description3Id="81" Description2Id="7">Lower Threshold</Description3Name><Description3Name Description3Id="82" Description2Id="9">Lower Threshold</Description3Name><Description3Name Description3Id="83" Description2Id="31">Lower Threshold</Description3Name><Description3Name Description3Id="92" Description2Id="34">OFAC Related - Majority Owned</Description3Name><Description3Name Description3Id="93" Description2Id="34">OFAC Related - Minority Owned</Description3Name><Description3Name Description3Id="94" Description2Id="34">OFAC Related - Ownership Unknown</Description3Name><Description3Name Description3Id="95" Description2Id="34">EU Related - Minority Owned</Description3Name><Description3Name Description3Id="96" Description2Id="34">EU Related - Majority Owned</Description3Name><Description3Name Description3Id="97" Description2Id="34">EU Related - Ownership Unknown</Description3Name><Description3Name Description3Id="105" Description2Id="34">Formerly OFAC Related</Description3Name><Description3Name Description3Id="106" Description2Id="34">Formerly EU Related</Description3Name><Description3Name Description3Id="108" Description2Id="34">OFAC - Regional Sanctions Related - Majority Owned</Description3Name><Description3Name Description3Id="109" Description2Id="34">OFAC - Regional Sanctions Related - Minority Owned</Description3Name><Description3Name Description3Id="110" Description2Id="34">OFAC - Regional Sanctions Related - Ownership Unknown</Description3Name><Description3Name Description3Id="111" Description2Id="34">Formerly OFAC Regional Sanctions Related</Description3Name><Description3Name Description3Id="112" Description2Id="34">EU - Regional Sanctions Related - Majority Owned</Description3Name><Description3Name Description3Id="113" Description2Id="34">EU - Regional Sanctions Related - Minority Owned</Description3Name><Description3Name Description3Id="114" Description2Id="34">EU - Regional Sanctions Related - Ownership Unknown</Description3Name><Description3Name Description3Id="115" Description2Id="34">Formerly EU Regional Sanctions Related</Description3Name><Description3Name Description3Id="116" Description2Id="34">Bank</Description3Name><Description3Name Description3Id="117" Description2Id="34">OFAC Related - Control</Description3Name><Description3Name Description3Id="118" Description2Id="34">OFAC - Regional Sanctions Related - Control</Description3Name><Description3Name Description3Id="119" Description2Id="34">EU Related - Control</Description3Name><Description3Name Description3Id="120" Description2Id="34">EU - Regional Sanctions Related - Control</Description3Name><Description3Name Description3Id="121" Description2Id="34">UK Related - Majority Owned</Description3Name><Description3Name Description3Id="122" Description2Id="34">UK Related - Minority Owned</Description3Name><Description3Name Description3Id="123" Description2Id="34">UK Related - Ownership Unknown</Description3Name><Description3Name Description3Id="124" Description2Id="34">UK Related - Control</Description3Name><Description3Name Description3Id="125" Description2Id="34">Formerly UK Related</Description3Name></Description3List></PFA>