<?xml version="1.0" encoding="UTF-8"?><PFA><NameTypeList><NameType NameTypeID="1" RecordType="Person">Primary Name</NameType><NameType NameTypeID="2" RecordType="Person">Also Known As</NameType><NameType NameTypeID="3" RecordType="Person">Low Quality AKA</NameType><NameType NameTypeID="4" RecordType="Person">Maiden Name</NameType><NameType NameTypeID="5" RecordType="Person">Formerly Known As</NameType><NameType NameTypeID="6" RecordType="Person">Spelling Variation</NameType><NameType NameTypeID="7" RecordType="Entity">Primary Name</NameType><NameType NameTypeID="8" RecordType="Entity">Also Known As</NameType><NameType NameTypeID="9" RecordType="Entity">Formerly Known As</NameType><NameType NameTypeID="10" RecordType="Entity">Spelling Variation</NameType><NameType NameTypeID="11" RecordType="Entity">Low Quality AKA</NameType><NameType NameTypeID="12" RecordType="Person">Expanded Language Variation</NameType><NameType NameTypeID="13" RecordType="Entity">Expanded Language Variation</NameType><NameType NameTypeID="14" RecordType="Person">Reclassified AKA</NameType><NameType NameTypeID="15" RecordType="Entity">Reclassified AKA</NameType></NameTypeList></PFA>