<?xml version="1.0" encoding="UTF-8"?><PFA><OccupationList><Occupation code="1" name="Heads &amp; Deputies State/National Government" /><Occupation code="2" name="National Government Ministers" /><Occupation code="3" name="Members of the National Legislature" /><Occupation code="4" name="Senior Civil Servants-National Government" /><Occupation code="5" name="Senior Civil Servants-Regional Government" /><Occupation code="6" name="Embassy &amp; Consular Staff" /><Occupation code="7" name="Senior Members of the Armed Forces" /><Occupation code="8" name="Senior Members of the Police Services" /><Occupation code="9" name="Senior Members of the Secret Services" /><Occupation code="10" name="Senior Members of the Judiciary" /><Occupation code="11" name="State Corporation Executives" /><Occupation code="12" name="State Agency Officials" /><Occupation code="13" name="Heads &amp; Deputy Heads of Regional Government" /><Occupation code="14" name="Regional Government Ministers" /><Occupation code="15" name="Religious Leaders" /><Occupation code="16" name="Political Party Officials" /><Occupation code="17" name="International Organisation Officials" /><Occupation code="18" name="City Mayors" /><Occupation code="19" name="Political Pressure and Labour Group Officials" /><Occupation code="20" name="Other" /><Occupation code="22" name="Local Public Officials" /><Occupation code="26" name="International Sporting Organisation Officials" /></OccupationList></PFA>