<?xml version="1.0" encoding="UTF-8"?><PFA><RelationshipList><Relationship code="1" name="Wife" /><Relationship code="2" name="Husband" /><Relationship code="3" name="Brother" /><Relationship code="4" name="Sister" /><Relationship code="5" name="Son" /><Relationship code="6" name="Daughter" /><Relationship code="7" name="Mother" /><Relationship code="8" name="Father" /><Relationship code="9" name="Cousin" /><Relationship code="10" name="Step-Son" /><Relationship code="11" name="Step-Daughter" /><Relationship code="12" name="Brother-in-law" /><Relationship code="13" name="Sister-in-law" /><Relationship code="14" name="Uncle" /><Relationship code="15" name="Aunt" /><Relationship code="16" name="Mother-in-law" /><Relationship code="17" name="Father-in-law" /><Relationship code="18" name="Grandfather" /><Relationship code="19" name="Grandmother" /><Relationship code="20" name="Son-in-law" /><Relationship code="21" name="Daughter-in-law" /><Relationship code="22" name="Niece" /><Relationship code="23" name="Nephew" /><Relationship code="24" name="Grandson" /><Relationship code="25" name="Granddaughter" /><Relationship code="26" name="Stepfather" /><Relationship code="27" name="Stepmother" /><Relationship code="28" name="Business Associate" /><Relationship code="29" name="Friend" /><Relationship code="30" name="Financial Adviser" /><Relationship code="31" name="Legal Adviser" /><Relationship code="32" name="Colleague" /><Relationship code="33" name="Agent/Representative" /><Relationship code="34" name="Employee" /><Relationship code="35" name="Associate" /><Relationship code="36" name="Child" /><Relationship code="37" name="Family Member" /><Relationship code="38" name="Political Adviser" /><Relationship code="39" name="Senior Official" /><Relationship code="40" name="Unmarried Partner" /><Relationship code="41" name="Same-sex Spouse" /><Relationship code="42" name="Employer" /><Relationship code="43" name="Shareholder/Owner" /><Relationship code="44" name="Associated Special Interest Person" /><Relationship code="45" name="Parent Company" /><Relationship code="46" name="Subsidiary" /><Relationship code="47" name="Asset" /></RelationshipList></PFA>