<?xml version="1.0" encoding="UTF-8"?><PFA><Person id="55362" action="add" date="11-Aug-2011"><Gender>Male</Gender><ActiveStatus>Inactive</ActiveStatus><Deceased>Yes</Deceased><NameDetails><Name NameType="Primary Name"><NameValue><FirstName>John</FirstName><MiddleName>Ngu</MiddleName><Surname>Foncha</Surname></NameValue></Name><Name NameType="Also Known As"><NameValue><FirstName>John</FirstName><Surname>Ngu Foncha</Surname></NameValue></Name></NameDetails><Descriptions><Description Description1="1" /></Descriptions><RoleDetail><Roles RoleType="Primary Occupation"><OccTitle OccCat="16">Deceased</OccTitle></Roles><Roles RoleType="Previous Roles"><OccTitle SinceYear="1959" ToYear="1961" OccCat="1">Prime Minister of Southern Cameroon</OccTitle><OccTitle SinceYear="1961" ToYear="1970" OccCat="1">Vice President of Federal Republic of Cameroon</OccTitle><OccTitle SinceYear="1961" ToDay="13" ToMonth="May" ToYear="1965" OccCat="1">Prime Minister of West Cameroon</OccTitle><OccTitle ToDay="09" ToMonth="Jun" ToYear="1990" OccCat="16">Deputy President, Democratic Rally of the Cameroon People (RDPC)</OccTitle></Roles></RoleDetail><DateDetails><Date DateType="Date of Birth"><DateValue Day="21" Month="Jun" Year="1916" /><DateValue Day="26" Month="Jun" Year="1916" /></Date><Date DateType="Deceased Date"><DateValue Day="10" Month="Apr" Year="1999" /><DateValue Day="13" Month="Apr" Year="1999" /></Date><Date DateType="Inactive as of (PEP)"><DateValue Day="09" Month="Jun" Year="1990" /></Date></DateDetails><BirthPlace><Place name="Bamenda, North West Province,Cameroon" /></BirthPlace><CountryDetails><Country CountryType="Citizenship"><CountryValue Code="CAMER" /></Country><Country CountryType="Resident of"><CountryValue Code="CAMER" /></Country><Country CountryType="Jurisdiction"><CountryValue Code="CAMER" /></Country></CountryDetails><ProfileNotes>
Last Review Date Details: 
     Watchlist Last Reviewed Date: 11-Aug-2011

Record Status: 
     Watchlist Status: Inactive

</ProfileNotes><Images><Image URL="http://www.cameroon50.cm/images/stories/foncha.jpg" /></Images></Person><Person id="55363" action="add" date="24-May-2011"><Gender>Female</Gender><ActiveStatus>Inactive</ActiveStatus><Deceased>Yes</Deceased><NameDetails><Name NameType="Primary Name"><NameValue><FirstName>Magdalene</FirstName><MiddleName>Ngebi</MiddleName><Surname>Foncha</Surname></NameValue></Name><Name NameType="Also Known As"><NameValue><FirstName>Magadalene</FirstName><Surname>Ngebi Foncha</Surname></NameValue></Name></NameDetails><Descriptions><Description Description1="2" /></Descriptions><RoleDetail><Roles RoleType="Primary Occupation"><OccTitle>Deceased</OccTitle></Roles></RoleDetail><DateDetails><Date DateType="Inactive as of (RCA related to PEP)"><DateValue Day="09" Month="Jun" Year="1990" /></Date></DateDetails><BirthPlace><Place name="Cameroon" /></BirthPlace><CountryDetails><Country CountryType="Citizenship"><CountryValue Code="CAMER" /></Country><Country CountryType="Resident of"><CountryValue Code="CAMER" /></Country><Country CountryType="Jurisdiction"><CountryValue Code="CAMER" /></Country></CountryDetails><ProfileNotes>
Last Review Date Details: 
     Watchlist Last Reviewed Date: 24-May-2011

Record Status: 
     Watchlist Status: Inactive

</ProfileNotes></Person><Person id="55364" action="add" date="24-May-2011"><Gender>Female</Gender><ActiveStatus>Inactive</ActiveStatus><Deceased>No</Deceased><NameDetails><Name NameType="Primary Name"><NameValue><FirstName>Anna</FirstName><Surname>Atang Foncha</Surname></NameValue></Name><Name NameType="Maiden Name"><NameValue><MaidenName>Atang</MaidenName></NameValue></Name></NameDetails><Descriptions><Description Description1="2" /></Descriptions><DateDetails><Date DateType="Inactive as of (RCA related to PEP)"><DateValue Day="09" Month="Jun" Year="1990" /></Date></DateDetails><CountryDetails><Country CountryType="Citizenship"><CountryValue Code="CAMER" /></Country><Country CountryType="Resident of"><CountryValue Code="CAMER" /></Country><Country CountryType="Jurisdiction"><CountryValue Code="CAMER" /></Country></CountryDetails><ProfileNotes>
Last Review Date Details: 
     Watchlist Last Reviewed Date: 24-May-2011

Record Status: 
     Watchlist Status: Inactive

</ProfileNotes></Person><Person id="59565" action="add" date="17-Apr-2019"><Gender>Male</Gender><ActiveStatus>Inactive</ActiveStatus><Deceased>Yes</Deceased><NameDetails><Name NameType="Primary Name"><NameValue><FirstName>Solomon</FirstName><MiddleName>Tandeng</MiddleName><Surname>Muna</Surname></NameValue></Name><Name NameType="Also Known As"><NameValue><FirstName>Solomon Tandeng</FirstName><Surname>Muna</Surname></NameValue><NameValue><FirstName>Solomon</FirstName><Surname>Tandeng Muna</Surname></NameValue></Name></NameDetails><Descriptions><Description Description1="1" /></Descriptions><RoleDetail><Roles RoleType="Primary Occupation"><OccTitle OccCat="3">Deceased</OccTitle></Roles><Roles RoleType="Previous Roles"><OccTitle SinceYear="1968" ToYear="1972" OccCat="1">Prime Minister of West Cameroon</OccTitle><OccTitle SinceYear="1970" ToYear="1972" OccCat="1">Deputy President of Federal Republic of Cameroon</OccTitle><OccTitle SinceYear="1952" OccCat="2">Minister of Public Works</OccTitle><OccTitle SinceYear="1954" ToYear="1957" OccCat="2">Minister of Resources and Public Works</OccTitle><OccTitle SinceYear="1959" ToYear="1961" OccCat="2">Minister of Trade</OccTitle><OccTitle SinceYear="1961" OccCat="2">Minister of Trade, Finances and Industry</OccTitle><OccTitle SinceYear="1961" OccCat="2">Minister of Transport, Mines, Post and Telecomunication</OccTitle><OccTitle SinceYear="1972" ToYear="1973" OccCat="2">Senior Minister</OccTitle><OccTitle SinceYear="1973" ToYear="1988" OccCat="3">Speaker, National Assembly</OccTitle></Roles></RoleDetail><DateDetails><Date DateType="Date of Birth"><DateValue Year="1912" /></Date><Date DateType="Deceased Date"><DateValue Day="22" Month="Jan" Year="2002" /></Date><Date DateType="Inactive as of (PEP)"><DateValue Year="1988" /></Date></DateDetails><BirthPlace><Place name="Ngembo,Cameroon" /></BirthPlace><CountryDetails><Country CountryType="Citizenship"><CountryValue Code="CAMER" /></Country><Country CountryType="Resident of"><CountryValue Code="CAMER" /></Country><Country CountryType="Jurisdiction"><CountryValue Code="CAMER" /></Country></CountryDetails><ProfileNotes>
Last Review Date Details: 
     Watchlist Last Reviewed Date: 17-Apr-2019

Record Status: 
     Watchlist Status: Inactive

</ProfileNotes><Images><Image URL="http://www.assnat.cm/images/photosDepute/legislature2/MUNA-TANDENG-Solomon.jpg" /><Image URL="http://www.assnat.cm/images/photosDepute/legislature3/MUNA-TANDENG-SOLOMON.jpg" /><Image URL="https://prabook.com/web/show-photo.jpg?id=1501821" /></Images></Person><Person id="59566" action="add" date="17-Apr-2019"><Gender>Male</Gender><ActiveStatus>Inactive</ActiveStatus><Deceased>Yes</Deceased><NameDetails><Name NameType="Primary Name"><NameValue><FirstName>Tayim</FirstName><Surname>Muna</Surname></NameValue></Name></NameDetails><Descriptions><Description Description1="2" /></Descriptions><RoleDetail><Roles RoleType="Primary Occupation"><OccTitle>Deceased</OccTitle></Roles></RoleDetail><DateDetails><Date DateType="Inactive as of (RCA related to PEP)"><DateValue Day="07" Month="Oct" Year="2018" /></Date></DateDetails><CountryDetails><Country CountryType="Citizenship"><CountryValue Code="CAMER" /></Country><Country CountryType="Resident of"><CountryValue Code="CAMER" /></Country><Country CountryType="Jurisdiction"><CountryValue Code="CAMER" /></Country></CountryDetails><ProfileNotes>
Last Review Date Details: 
     Watchlist Last Reviewed Date: 17-Apr-2019

Record Status: 
     Watchlist Status: Inactive

</ProfileNotes></Person><Person id="59567" action="add" date="17-Apr-2019"><Gender>Female</Gender><ActiveStatus>Inactive</ActiveStatus><Deceased>Yes</Deceased><NameDetails><Name NameType="Primary Name"><NameValue><FirstName>Ama</FirstName><Surname>Keng Muna</Surname></NameValue></Name></NameDetails><Descriptions><Description Description1="2" /></Descriptions><RoleDetail><Roles RoleType="Primary Occupation"><OccTitle>Deceased</OccTitle></Roles></RoleDetail><DateDetails><Date DateType="Inactive as of (RCA related to PEP)"><DateValue Day="07" Month="Oct" Year="2018" /></Date></DateDetails><CountryDetails><Country CountryType="Citizenship"><CountryValue Code="CAMER" /></Country><Country CountryType="Resident of"><CountryValue Code="CAMER" /></Country><Country CountryType="Jurisdiction"><CountryValue Code="CAMER" /></Country></CountryDetails><ProfileNotes>
Last Review Date Details: 
     Watchlist Last Reviewed Date: 17-Apr-2019

Record Status: 
     Watchlist Status: Inactive

</ProfileNotes></Person><Person id="59570" action="add" date="19-Mar-2012"><Gender>Male</Gender><ActiveStatus>Inactive</ActiveStatus><Deceased>Yes</Deceased><NameDetails><Name NameType="Primary Name"><NameValue><FirstName>Erik</FirstName><MiddleName>Magzumovich</MiddleName><Surname>Asanbaev</Surname><OriginalScriptName>Ерик Магзумович Асанбаев</OriginalScriptName></NameValue></Name><Name NameType="Spelling Variation"><NameValue><FirstName>Erik</FirstName><MiddleName>Magzumovich</MiddleName><Surname>Asanbayev</Surname></NameValue><NameValue><FirstName>Yerik</FirstName><MiddleName>Magzumovich</MiddleName><Surname>Asanbayev</Surname></NameValue><NameValue><FirstName>Yerik</FirstName><MiddleName>Magzumovich</MiddleName><Surname>Asanbaev</Surname></NameValue></Name></NameDetails><Descriptions><Description Description1="1" /></Descriptions><RoleDetail><Roles RoleType="Primary Occupation"><OccTitle OccCat="6">Deceased</OccTitle></Roles><Roles RoleType="Previous Roles"><OccTitle SinceDay="16" SinceMonth="Oct" SinceYear="1991" ToDay="22" ToMonth="Feb" ToYear="1996" OccCat="1">Deputy President of Kazakhstan</OccTitle><OccTitle SinceYear="1973" ToYear="1975" OccCat="4">Deputy Minister of Finance</OccTitle><OccTitle SinceMonth="Jun" SinceYear="1988" ToMonth="Sep" ToYear="1989" OccCat="4">Deputy Chairman, Ministers Council</OccTitle><OccTitle SinceMonth="Feb" SinceYear="1996" ToMonth="Jul" ToYear="2000" OccCat="6">Kazakh Ambassador to Germany</OccTitle><OccTitle SinceMonth="Apr" SinceYear="1990" ToMonth="Oct" ToYear="1991" OccCat="12">Chairman, Kazakh Supreme Council</OccTitle></Roles></RoleDetail><DateDetails><Date DateType="Date of Birth"><DateValue Day="10" Month="Mar" Year="1936" /></Date><Date DateType="Deceased Date"><DateValue Day="20" Month="Aug" Year="2004" /></Date><Date DateType="Inactive as of (PEP)"><DateValue Month="Jul" Year="2000" /></Date></DateDetails><BirthPlace><Place name="Baygabul, Kostanay Region,Kazakhstan" /></BirthPlace><CountryDetails><Country CountryType="Citizenship"><CountryValue Code="KAZK" /></Country><Country CountryType="Resident of"><CountryValue Code="KAZK" /></Country><Country CountryType="Jurisdiction"><CountryValue Code="KAZK" /></Country></CountryDetails><ProfileNotes>
Last Review Date Details: 
     Watchlist Last Reviewed Date: 19-Mar-2012

Record Status: 
     Watchlist Status: Inactive

</ProfileNotes><Images><Image URL="http://gdb.rferl.org/1BD2521D-947D-4C76-B73B-A4AD0BFE9463_mw800_s.jpg" /></Images></Person></PFA>